No of GPS Satellites Available, Time Since Start of Day (seconds), Latitude (degrees), Longitude (degrees), Velocity (km/hr), Heading (degrees), Height (km), Vertical velocity (km/hr), Sample period (seconds), Steering Angle (degrees), Wheel Speed Front Left (rad/sec), Wheel Speed Front Right (rad/sec), Wheel Speed Rear Left (rad/sec), Wheel Speed Rear Right (rad/sec), Yaw Rate (deg/sec), Indicated Vehicle Speed (km/hr), Indicated Longitudinal Acceleration (g), Indicated Lateral Acceleration (g), Handbrake (0 or 1), Gear Requested (Number fof gear employed 1-5), Gear (Number fof gear employed 1-5), Engine Speed (rev/min), Coolant Temperature (degrees), Clutch Position (0 or 1), Brake Pressure (psi), Brake Position (0 or 1), Battery Voltage (volts), Air Temperature (degrees), Accelerator Pedal Position (0 or 1)
138.0,66107.0,52.5630667,-1.4982033,70.06,116.14,88.45,0.38,0.1,0.0,70.70999,70.84999,70.50999,70.37999,0.3000183,70.61,0.09995985,-0.009180069,0.0,4.0,3.0,2858.0,86.0,0.0,-0.01000977,0.0,14.0,7.5,39.5
138.0,66107.1,52.5630589,-1.4981773999999999,70.337,116.273,88.49,0.37,0.1,0.0,70.98999,71.01999,70.75,70.56,0.1000061,70.9,0.08976007,0.0,0.0,4.0,3.0,2861.0,86.0,0.0,-0.2400208,0.0,14.0,7.5,34.5
138.0,66107.2,52.5630511,-1.4981514999999999,70.61399999999999,116.17399999999999,88.53,0.37,0.1,0.0,71.25,71.20999,70.98999,70.87999,0.0,71.14,0.08976007,-0.009180069,0.0,4.0,3.0,2867.0,86.0,0.0,-0.01000977,0.0,14.0,7.5,29.0
138.0,66107.3,52.563043300000004,-1.4981254,70.862,116.18700000000001,88.56,0.37,0.1,0.0,71.42,71.34,71.2,71.14999,0.1000061,71.41,0.07956004,0.0,0.0,5.0,3.0,2866.0,86.0,0.0,-0.01000977,0.0,14.1,7.5,24.5
138.0,66107.4,52.5630355,-1.4980993,71.068,116.118,88.59,0.37,0.1,0.0,71.55,71.48,71.39,71.25999,0.0,71.53,0.05915999,0.0,0.0,5.0,3.0,2896.0,86.0,0.0,-0.01000977,0.0,14.0,7.5,24.5
138.0,66107.5,52.56302759999999,-1.4980730999999998,71.158,116.15700000000001,88.63,0.37,0.1,0.0,71.67,71.59999,71.55,71.31999,0.1000061,71.6,0.04997993,-0.009180069,0.0,5.0,3.0,2893.0,86.0,0.0,-0.01000977,0.0,14.0,7.5,24.5
138.0,66107.6,52.563019700000005,-1.4980468999999998,71.28399999999999,116.27,88.67,0.38,0.1,0.0,71.72,71.73999,71.66,71.48,0.1000061,71.71,0.04997993,0.0,0.0,5.0,3.0,2918.0,86.0,0.0,-0.01000977,0.0,14.0,7.5,24.5
138.0,66107.7,52.5630119,-1.4980206,71.417,116.045,88.71,0.38,0.1,0.0,71.87,71.87,71.78999,71.55,0.0,71.8,0.04997993,-0.009180069,0.0,5.0,3.0,2949.0,86.0,0.0,-0.01000977,0.0,14.1,7.5,24.5
138.0,66107.8,52.563004,-1.4979942999999998,71.579,116.205,88.75,0.38,0.1,0.0,72.01999,72.00999,71.78999,71.56999,-0.1000061,72.02,0.04997993,-0.009180069,0.0,5.0,3.0,2944.0,86.0,0.0,-0.01000977,0.0,14.0,7.5,24.5
138.0,66107.9,52.5629961,-1.4979680000000002,71.65100000000001,116.109,88.78,0.37,0.1,0.0,72.20999,72.09999,72.01999,71.81999,0.0,72.14,0.04997993,-0.009180069,0.0,5.0,3.0,2964.0,86.0,0.0,-0.2400208,0.0,14.0,7.5,24.5
138.0,66108.0,52.5629882,-1.4979416,71.906,116.26700000000001,88.82,0.37,0.1,0.0,72.28,72.31,72.05,71.56,0.1000061,72.24,0.03977990000000001,-0.009180069,0.0,5.0,3.0,2984.0,86.0,0.0,-0.2400208,0.0,14.0,7.5,25.0
139.0,66108.1,52.5629803,-1.4979152,71.813,116.155,88.85,0.36,0.1,0.0,72.36,72.33,72.12999,71.98999,0.0,72.31,0.04997993,0.009180069,0.0,5.0,3.0,3017.0,86.0,0.0,-0.01000977,0.0,14.0,7.5,25.5
139.0,66108.2,52.56297240000001,-1.4978886,71.971,115.98,88.89,0.37,0.1,0.0,72.42999,72.45,72.3,72.12999,0.1000061,72.33,0.04997993,0.0,0.0,5.0,3.0,3031.0,86.0,0.0,-0.2400208,0.0,14.0,7.5,25.5
139.0,66108.3,52.5629645,-1.497862,72.23,115.97,88.93,0.38,0.1,0.0,72.56,72.48999,72.39999,72.20999,0.3000183,72.5,0.03977990000000001,0.0,0.0,5.0,3.0,3031.0,86.0,0.0,-0.01000977,0.0,14.0,7.5,25.0
139.0,66108.4,52.5629566,-1.4978355,72.187,116.042,88.95,0.36,0.1,0.0,72.64,72.62,72.45999,72.41,0.2000122,72.66,0.02957988,0.0,0.0,5.0,3.0,3017.0,86.0,0.0,-0.01000977,0.0,14.0,7.5,24.0
139.0,66108.5,52.5629487,-1.4978088999999999,72.241,115.965,88.99,0.36,0.1,0.0,72.61,72.56999,72.53,72.44,0.1000061,72.68999000000001,0.02957988,0.0,0.0,5.0,3.0,2821.0,86.0,0.0,-0.2400208,0.0,14.0,7.5,22.0
139.0,66108.6,52.5629408,-1.4977821999999998,72.385,116.01,89.02,0.36,0.1,0.0,72.66,72.62999,72.64999,72.42,0.0,72.72,0.02957988,0.0,0.0,5.0,3.0,2535.0,86.0,0.0,-0.01000977,0.0,14.0,7.5,20.0
139.0,66108.7,52.562933,-1.4977555,72.461,115.834,89.06,0.37,0.1,0.0,72.78999,72.75999,72.7,72.48,0.1000061,72.71,0.01937985,0.0,0.0,5.0,3.0,2313.0,86.0,0.0,-0.01000977,0.0,14.1,7.5,20.0
139.0,66108.8,52.562925,-1.4977288000000002,72.464,116.006,89.09,0.35,0.1,0.0,72.81999,72.75999,72.69,72.42,0.1000061,72.82,0.01937985,0.0,0.0,5.0,3.0,2224.0,86.0,0.0,-0.01000977,0.0,14.0,7.5,20.0
139.0,66108.9,52.56291710000001,-1.4977021000000001,72.436,115.95100000000001,89.13,0.35,0.1,0.0,72.81999,72.81,72.66,72.31,0.1000061,72.79,0.01937985,-0.01938009,0.0,5.0,3.0,2235.0,86.0,0.0,-0.01000977,0.0,14.0,7.5,19.5
139.0,66109.0,52.5629092,-1.4976753999999999,72.446,115.92,89.16,0.35,0.1,0.0,72.78999,73.01999,72.66,72.72,0.3000183,72.75,0.01937985,0.0,0.0,5.0,3.0,2227.0,86.0,0.0,-0.01000977,0.0,14.0,7.5,19.0
139.0,66109.1,52.5629013,-1.4976486999999998,72.551,115.994,89.19,0.35,0.1,0.0,72.75,72.87,72.72,72.69,0.2000122,72.8,0.01937985,0.01937985,0.0,5.0,3.0,2244.0,86.0,0.0,-0.01000977,0.0,14.0,7.5,19.5
139.0,66109.2,52.5628934,-1.4976219,72.533,115.654,89.23,0.36,0.1,0.0,72.8,72.81,72.67,72.53999,0.0,72.76,0.01937985,0.009180069,0.0,5.0,3.0,2250.0,86.0,0.0,-0.2400208,0.0,14.0,7.5,21.5
139.0,66109.3,52.562885599999994,-1.4975951000000003,72.63,115.635,89.26,0.35,0.1,0.0,72.91,72.89,72.72,72.48,0.0,72.9,0.009180069,0.0,0.0,5.0,3.0,2264.0,86.0,0.0,-0.01000977,0.0,14.0,7.5,23.5
139.0,66109.4,52.56287770000001,-1.4975683,72.608,115.62200000000001,89.29,0.33,0.1,0.0,73.01999,73.0,72.81,72.64999,0.3000183,73.03,0.01937985,-0.009180069,0.0,5.0,3.0,2266.0,86.0,0.0,-0.01000977,0.0,14.0,7.5,24.5
139.0,66109.5,52.5628698,-1.4975416000000001,72.623,115.83200000000001,89.31,0.32,0.1,0.0,73.12999,73.06,72.83,72.78,0.3999939,73.09,0.02957988,-0.009180069,0.0,5.0,3.0,2274.0,86.0,0.0,-0.01000977,0.0,14.0,7.5,24.5
139.0,66109.6,52.562861999999996,-1.4975147,72.695,115.645,89.34,0.32,0.1,0.0,73.25,73.23999,73.05,72.86,0.1000061,73.23,0.03977990000000001,0.0,0.0,5.0,3.0,2265.0,86.0,0.0,-0.01000977,0.0,14.0,7.5,24.5
139.0,66109.7,52.5628541,-1.4974878999999999,72.684,115.677,89.37,0.32,0.1,0.0,73.22,73.22,73.2,72.92,0.0,73.23,0.04997993,0.0,0.0,5.0,3.0,2254.0,86.0,0.0,-0.01000977,0.0,14.0,7.5,24.5
139.0,66109.8,52.562846199999996,-1.4974609,72.947,115.609,89.41,0.33,0.1,0.0,73.28999,73.3,73.28999,73.03999,-0.1999817,73.28,0.04997993,-0.009180069,0.0,5.0,3.0,2246.0,86.0,0.0,-0.01000977,0.0,14.0,7.5,23.5
139.0,66109.9,52.562838299999996,-1.4974339,73.13,115.584,89.44,0.34,0.1,0.0,73.41,73.41,73.37999,73.19,0.2000122,73.31,0.03977990000000001,-0.009180069,0.0,5.0,3.0,2244.0,86.0,0.0,-0.01000977,0.0,14.0,7.5,17.0
139.0,66110.0,52.5628304,-1.4974069,73.192,115.66799999999999,89.47,0.32,0.1,0.0,73.48999,73.59999,73.48999,73.25999,0.3000183,73.49,0.02957988,0.0,0.0,5.0,3.0,2240.0,86.0,0.0,-0.01000977,0.0,14.0,7.5,16.0
139.0,66110.1,52.5628224,-1.4973798,73.328,115.708,89.49,0.31,0.1,0.0,73.59,73.42,73.3,73.01999,0.0,73.47,0.01937985,-0.02958012,0.0,6.0,3.0,2252.0,86.0,0.0,-0.2400208,0.0,14.1,7.5,12.0
139.0,66110.2,52.5628144,-1.4973528000000003,73.332,115.934,89.51,0.29,0.1,0.0,73.64,73.62999,73.25999,73.56,0.1000061,73.43,0.0,0.01937985,0.0,6.0,3.0,2252.0,86.0,0.0,-0.2400208,0.0,14.0,7.5,8.0
139.0,66110.3,52.56280649999999,-1.4973257999999998,73.066,115.556,89.54,0.29,0.1,0.0,73.45,73.31999,73.28999,73.48999,-0.7999878,73.43999000000001,0.009180069,0.04997993,0.0,6.0,3.0,2250.0,86.0,0.0,-0.01000977,0.0,14.0,7.5,3.0
139.0,66110.4,52.5627988,-1.4972988,72.99,115.177,89.57,0.3,0.1,0.0,73.31,73.09999,73.66,73.48,-1.1999819999999999,73.23,0.0,-0.009180069,0.0,6.0,3.0,2240.0,86.0,0.0,-0.2400208,0.0,14.0,7.5,1.0
139.0,66110.5,52.562791,-1.4972716,73.217,115.26,89.61,0.32,0.1,0.0,73.2,73.06,73.19,72.89,-0.29998779999999997,73.1,-0.01938009,-0.02958012,0.0,6.0,3.0,2245.0,86.0,0.0,-0.2400208,0.0,14.1,7.5,1.0
139.0,66110.6,52.562783100000004,-1.4972448,72.839,115.665,89.64,0.32,0.1,0.0,73.00999,72.91,72.95999,72.67,0.1000061,73.04,-0.02958012,-0.01938009,0.0,6.0,3.0,2236.0,86.0,0.0,-0.01000977,0.0,14.0,7.5,1.0
139.0,66110.7,52.562775200000004,-1.4972178999999999,72.767,115.631,89.67,0.3,0.1,0.0,72.95,72.83,72.73,72.47,0.1000061,72.93,-0.02958012,-0.009180069,0.0,6.0,3.0,2195.0,86.0,0.0,-0.01000977,0.0,14.0,7.5,1.0
139.0,66110.8,52.5627673,-1.4971911,72.648,115.743,89.68,0.29,0.1,0.0,72.66,72.7,72.59,72.31,-0.1000061,72.73,-0.02958012,0.0,0.0,6.0,3.0,2098.0,86.0,0.0,-0.2400208,0.0,14.0,7.5,1.0
139.0,66110.9,52.56275960000001,-1.4971644,72.306,115.586,89.71,0.29,0.1,0.0,72.51999,72.51999,72.53,72.28999,-0.29998779999999997,72.51,-0.02958012,0.0,0.0,6.0,3.0,2013.0,86.0,0.0,-0.01000977,0.0,14.1,7.5,1.0
139.0,66111.0,52.562751799999994,-1.4971376,72.446,115.641,89.75,0.29,0.1,0.0,72.42,71.95999,72.26999,72.06999,-0.29998779999999997,72.43999000000001,-0.02958012,-0.009180069,0.0,6.0,3.0,1887.0,86.0,0.0,-0.01000977,0.0,14.0,7.5,1.0
139.0,66111.1,52.562743999999995,-1.497111,72.032,115.62200000000001,89.77,0.29,0.1,0.0,72.23,72.22,72.06999,71.94,0.1000061,72.16,-0.02958012,0.0,0.0,6.0,3.0,1779.0,86.0,0.0,-0.01000977,0.0,14.1,7.5,1.0
139.0,66111.2,52.562736199999996,-1.4970845,71.939,115.677,89.8,0.28,0.1,0.0,72.14,72.09999,71.78999,71.76999,0.0,72.12,-0.03978014,0.0,0.0,6.0,3.0,1735.0,86.0,0.0,-0.01000977,0.0,14.0,7.5,1.0
139.0,66111.3,52.562728500000006,-1.497058,71.66199999999999,115.70299999999999,89.83,0.29,0.1,0.0,71.81,71.48999,71.66,71.48,0.3000183,71.93999000000001,-0.04997993,0.02957988,0.0,6.0,3.0,1723.0,86.0,0.0,-0.01000977,0.0,14.0,7.5,1.0
139.0,66111.4,52.5627208,-1.4970316,71.633,115.594,89.85,0.28,0.1,0.0,71.56999,71.5,71.51999,70.95999,0.3999939,71.67,-0.03978014,0.009180069,0.0,6.0,3.0,1693.0,86.0,0.0,-0.01000977,0.0,14.0,7.5,1.0
139.0,66111.5,52.562713099999996,-1.4970052,71.442,115.529,89.88,0.28,0.1,0.0,71.39999,71.37999,71.37999,71.26999,0.3999939,71.52,-0.04997993,0.01937985,0.0,6.0,3.0,1678.0,86.0,0.0,-0.01000977,0.0,14.1,7.5,2.5
139.0,66111.6,52.5627055,-1.4969788999999998,71.089,115.432,89.91,0.28,0.1,0.0,71.14,71.11,71.08,70.97,0.5,71.23,-0.03978014,0.0,0.0,6.0,3.0,1711.0,86.0,0.0,-0.01000977,0.0,14.1,7.5,7.0
139.0,66111.7,52.562697899999996,-1.4969526000000002,70.913,115.389,89.94,0.29,0.1,0.0,70.98999,70.95999,70.98999,70.81999,0.5,71.0,-0.03978014,0.0,0.0,6.0,3.0,1762.0,86.0,0.0,-0.01000977,0.0,14.0,7.5,10.5
139.0,66111.8,52.562690399999994,-1.4969264,70.794,115.37799999999999,89.97,0.29,0.1,0.0,70.87999,70.81999,70.83,70.59,0.5,71.0,-0.03978014,0.0,0.0,6.0,3.0,1811.0,86.0,0.0,-0.01000977,0.0,14.0,7.5,15.5
139.0,66111.9,52.5626829,-1.4969004000000001,70.344,115.387,90.0,0.28,0.1,0.0,70.78999,70.73999,70.64999,70.48999,0.6000061,70.8,-0.01938009,0.0,0.0,6.0,3.0,1846.0,86.0,0.0,-0.01000977,0.0,14.1,7.5,17.5
139.0,66112.0,52.562675399999996,-1.4968742999999998,70.351,115.289,90.03,0.3,0.1,0.0,70.62,70.62999,70.56,70.39,0.3999939,70.64,-0.009180069,0.009180069,0.0,6.0,3.0,1868.0,86.0,0.0,-0.01000977,0.0,14.0,7.5,19.0
139.0,66112.1,52.562667899999994,-1.4968481,70.502,115.146,90.06,0.3,0.1,0.0,70.5,70.58,70.51999,70.26999,0.3999939,70.56,-0.009180069,0.0,0.0,6.0,3.0,1911.0,86.0,0.0,-0.01000977,0.0,14.0,7.5,20.0
139.0,66112.2,52.5626605,-1.4968221,70.211,115.212,90.09,0.29,0.1,0.0,70.48999,70.59,70.37,70.20999,0.3000183,70.48,-0.009180069,0.01937985,0.0,6.0,3.0,1966.0,86.0,0.0,-0.01000977,0.0,14.0,7.5,22.5
139.0,66112.3,52.5626531,-1.4967961,70.078,115.052,90.12,0.29,0.1,0.0,70.47,70.58,70.33,70.14999,0.3999939,70.49,0.0,0.0,0.0,6.0,3.0,1990.0,86.0,0.0,-0.2400208,0.0,14.0,7.5,25.0
139.0,66112.4,52.5626457,-1.4967701,70.085,115.039,90.14,0.28,0.1,0.0,70.48,70.5,70.26999,70.19,0.1000061,70.45,0.0,0.009180069,0.0,6.0,3.0,2035.0,86.0,0.0,-0.01000977,0.0,14.0,7.5,26.0
139.0,66112.5,52.5626383,-1.4967441,70.06,114.92299999999999,90.17,0.29,0.1,0.0,70.50999,70.45999,70.25,70.20999,0.1000061,70.43999000000001,0.009180069,0.0,0.0,5.0,3.0,2127.0,86.0,0.0,-0.01000977,0.0,13.9,7.5,27.0
139.0,66112.6,52.562631,-1.4967180000000002,70.142,114.863,90.2,0.29,0.1,0.0,70.58,70.48999,70.36,70.17999,-0.5,70.53,0.01937985,-0.01938009,0.0,5.0,3.0,2169.0,86.0,0.0,-0.01000977,0.0,14.0,7.5,27.5
139.0,66112.7,52.562623699999996,-1.4966918999999999,70.146,114.759,90.23,0.28,0.1,0.0,70.70999,70.53,70.37999,70.12999,-0.8999939,70.63,0.02957988,-0.02958012,0.0,5.0,3.0,2179.0,86.0,0.0,-0.01000977,0.0,14.0,7.5,28.0
139.0,66112.8,52.56261630000001,-1.4966658,70.15,114.786,90.25,0.27,0.1,0.0,70.78,70.64,70.61,70.28999,-1.100006,70.72,0.02957988,-0.04997993,0.0,5.0,3.0,2181.0,86.0,0.0,-0.01000977,0.0,14.0,7.5,29.0
139.0,66112.9,52.5626089,-1.4966396999999998,70.24,115.095,90.29,0.28,0.1,0.0,70.89,70.8,70.69,70.45999,-0.6999816999999999,70.81,0.03977990000000001,-0.04997993,0.0,5.0,3.0,2172.0,86.0,0.0,-0.01000977,0.0,14.0,7.5,30.0
139.0,66113.0,52.562601300000004,-1.4966136,70.582,115.367,90.31,0.27,0.1,0.0,70.95,70.91,70.78999,70.50999,-0.5,70.87,0.04997993,-0.03978014,0.0,5.0,3.0,2188.0,86.0,0.0,-0.01000977,0.0,14.0,7.5,31.0
139.0,66113.1,52.56259380000001,-1.4965875,70.538,115.288,90.34,0.27,0.1,0.0,71.14,71.05,71.12,70.78999,-0.6999816999999999,71.03,0.04997993,-0.02958012,0.0,5.0,3.0,2206.0,86.0,0.0,-0.01000977,0.0,14.0,7.5,31.5
139.0,66113.2,52.56258619999999,-1.4965613,70.834,115.471,90.36,0.26,0.1,0.0,71.41,71.33,71.17999,70.84999,-0.6999816999999999,71.35,0.04997993,-0.02958012,0.0,5.0,3.0,2212.0,86.0,0.0,-0.01000977,0.0,14.0,7.5,32.5
139.0,66113.3,52.5625786,-1.4965350000000002,70.895,115.34299999999999,90.37,0.24,0.1,0.0,71.56,71.42,71.25,70.98999,-0.6000061,71.51,0.04997993,-0.02958012,0.0,5.0,3.0,2209.0,86.0,0.0,-0.01000977,0.0,14.0,7.5,33.0
139.0,66113.4,52.562571000000005,-1.4965088999999998,70.798,115.601,90.41,0.26,0.1,0.0,71.56999,71.58,71.62999,71.23,-0.8999939,71.57,0.05915999,-0.02958012,0.0,5.0,3.0,2230.0,86.0,0.0,-0.01000977,0.0,14.0,7.5,33.5
139.0,66113.5,52.5625632,-1.4964826,71.291,115.822,90.45,0.28,0.1,0.0,71.78,71.84,71.78,71.42,-0.3999939,71.72,0.06936002,-0.02958012,0.0,5.0,3.0,2241.0,86.0,0.0,-0.01000977,0.0,14.0,7.5,33.5
139.0,66113.6,52.5625557,-1.4964559999999998,71.6,115.146,90.47,0.27,0.1,0.0,72.05,72.06999,71.83,71.56,-0.5,71.86,0.05915999,-0.02958012,0.0,5.0,3.0,2234.0,86.0,0.0,-0.01000977,0.0,14.0,7.5,33.5
139.0,66113.7,52.5625479,-1.4964294,71.874,115.61200000000001,90.47,0.24,0.1,0.0,72.37,72.28999,71.95,71.73,-0.5,72.11,0.04997993,-0.02958012,0.0,5.0,3.0,2243.0,86.0,0.0,-0.01000977,0.0,14.0,7.5,34.5
139.0,66113.8,52.56254,-1.4964030000000001,71.759,115.835,90.47,0.21,0.1,0.0,72.50999,72.37,72.14999,71.92,-0.6999816999999999,72.42,0.05915999,-0.01938009,0.0,5.0,3.0,2258.0,86.0,0.0,-0.01000977,0.0,14.0,7.5,35.5
139.0,66113.9,52.5625322,-1.4963764,72.19800000000001,115.861,90.48,0.19,0.1,0.0,72.67,72.51999,72.45,72.14,-0.5,72.63,0.06936002,-0.01938009,0.0,5.0,3.0,2264.0,86.0,0.0,-0.01000977,0.0,14.0,7.5,35.5
139.0,66114.0,52.5625246,-1.4963497,71.982,115.245,90.49,0.19,0.1,0.0,72.73999,72.67999,72.66,72.36,-0.5,72.79,0.06936002,-0.02958012,0.0,5.0,3.0,2269.0,86.0,0.0,-0.01000977,0.0,14.0,7.5,35.5
138.0,66114.1,52.56251699999999,-1.4963229,71.993,115.12,90.52,0.2,0.1,0.0,73.01999,72.95,72.84,72.59,-0.3999939,72.97,0.06936002,-0.01938009,0.0,5.0,3.0,2269.0,86.0,0.0,-0.01000977,0.0,14.0,7.5,35.5
138.0,66114.2,52.56250910000001,-1.496296,72.817,115.524,90.56,0.21,0.1,0.0,73.25999,73.23,73.12999,72.83,-0.1999817,73.21,0.06936002,-0.01938009,0.0,5.0,3.0,2266.0,86.0,0.0,-0.01000977,0.0,14.0,7.5,35.5
138.0,66114.3,52.562501000000005,-1.4962692,72.824,116.11,90.57,0.2,0.1,0.0,73.5,73.42,73.33,73.12,-0.1999817,73.43,0.07956004,-0.009180069,0.0,5.0,3.0,2272.0,86.0,0.0,-0.01000977,0.0,14.0,7.5,35.5
138.0,66114.4,52.5624929,-1.4962423,73.17,116.053,90.58,0.19,0.1,0.0,73.75,73.83,73.58,73.33,0.0,73.71,0.06936002,0.0,0.0,5.0,3.0,2276.0,86.0,0.0,-0.01000977,0.0,14.1,7.5,35.5
138.0,66114.5,52.562485099999996,-1.4962153,73.00399999999999,115.64200000000001,90.6,0.19,0.1,0.0,73.92999,73.98,73.81999,73.58,0.3999939,73.9,0.07956004,0.0,0.0,5.0,3.0,2267.0,86.0,0.0,-0.01000977,0.0,14.0,7.5,35.5
138.0,66114.6,52.5624769,-1.4961882,73.616,116.042,90.63,0.2,0.1,0.0,74.16,74.26999,74.01999,73.78,0.3999939,74.1,0.07956004,0.009180069,0.0,5.0,3.0,2275.0,86.0,0.0,-0.01000977,0.0,14.0,7.5,35.5
138.0,66114.7,52.56246899999999,-1.4961609,73.85,115.72,90.65,0.2,0.1,0.0,74.45999,74.48,74.2,74.06999,0.2000122,74.4,0.07956004,0.009180069,0.0,5.0,3.0,2288.0,86.0,0.0,-0.01000977,0.0,14.0,7.5,35.5
138.0,66114.8,52.562461,-1.4961336,73.962,115.647,90.66,0.19,0.1,0.0,74.75,74.70999,74.41,74.28999,0.0,74.71,0.07956004,0.0,0.0,5.0,3.0,2298.0,86.0,0.0,-0.01000977,0.0,14.0,7.5,36.0
138.0,66114.9,52.5624529,-1.4961062,74.347,115.772,90.68,0.19,0.1,0.0,75.00999,74.92999,74.73999,74.5,0.0,74.91,0.06936002,0.0,0.0,5.0,3.0,2307.0,86.0,0.0,-0.01000977,0.0,14.1,7.5,36.0
138.0,66115.0,52.562444799999994,-1.4960786999999998,74.39399999999999,115.64,90.7,0.18,0.1,0.0,75.19,75.12999,75.00999,74.81,0.0,75.11,0.07956004,-0.009180069,0.0,5.0,3.0,2299.0,86.0,0.0,-0.01000977,0.0,14.0,7.5,36.0
139.0,66115.1,52.5624367,-1.4960511,74.844,115.745,90.73,0.2,0.1,0.0,75.34999,75.33,75.26999,75.08,0.0,75.27,0.07956004,0.0,0.0,5.0,3.0,2320.0,86.0,0.0,-0.01000977,0.0,14.0,7.5,36.0
139.0,66115.2,52.5624286,-1.4960234,74.858,115.478,90.74,0.19,0.1,0.0,75.64,75.67,75.5,75.31999,0.1000061,75.59,0.07956004,-0.009180069,0.0,5.0,3.0,2313.0,86.0,0.0,-0.01000977,0.0,14.0,7.5,36.0
139.0,66115.3,52.56242039999999,-1.4959956,75.406,115.809,90.76,0.18,0.1,0.0,75.92,76.0,75.75,75.44,0.0,75.85,0.07956004,0.0,0.0,5.0,3.0,2332.0,86.0,0.0,-0.01000977,0.0,14.0,7.5,36.0
139.0,66115.4,52.562412200000004,-1.4959677,75.413,115.723,90.78,0.19,0.1,0.0,76.25999,76.28,75.92999,75.67,0.0,76.14,0.06936002,-0.009180069,0.0,5.0,3.0,2344.0,86.0,0.0,-0.01000977,0.0,14.0,7.5,36.5
139.0,66115.5,52.562404,-1.4959398,75.611,115.736,90.8,0.18,0.1,0.0,76.45999,76.39999,76.12,75.98999,0.0,76.42,0.07956004,0.0,0.0,5.0,3.0,2346.0,86.0,0.0,-0.01000977,0.0,14.0,7.5,37.0
139.0,66115.6,52.5623958,-1.4959117999999998,75.863,115.609,90.81,0.18,0.1,0.0,76.69,76.62,76.45,76.22,0.0,76.6,0.06936002,0.009180069,0.0,5.0,3.0,2358.0,86.0,0.0,-0.01000977,0.0,14.0,7.5,37.0
139.0,66115.7,52.562387599999994,-1.4958836,76.226,115.661,90.84,0.2,0.1,0.0,76.86,76.89,76.75,76.55,0.2000122,76.84,0.06936002,0.0,0.0,5.0,3.0,2365.0,86.0,0.0,-0.01000977,0.0,14.0,7.5,37.0
139.0,66115.8,52.562379299999996,-1.4958553,76.42399999999999,115.667,90.86,0.19,0.1,0.0,77.09999,77.14,76.95,76.76999,0.3000183,77.12,0.06936002,0.0,0.0,5.0,3.0,2368.0,86.0,0.0,-0.2400208,0.0,14.0,7.5,37.0
139.0,66115.9,52.562371,-1.4958269000000002,76.874,115.589,90.87,0.18,0.1,0.0,77.28999,77.42,77.17,77.00999,0.3000183,77.3,0.06936002,0.009180069,0.0,5.0,3.0,2368.0,86.0,0.0,-0.01000977,0.0,14.0,7.5,37.0
139.0,66116.0,52.562362799999995,-1.4957985,76.777,115.5,90.9,0.2,0.1,0.0,77.51999,77.58,77.37,77.09999,0.5,77.45,0.06936002,0.0,0.0,5.0,3.0,2371.0,86.0,0.0,-0.01000977,0.0,14.0,7.5,37.0
139.0,66116.1,52.5623545,-1.4957698999999998,77.281,115.589,90.91,0.19,0.1,0.0,77.84,77.73,77.61,77.45999,0.2000122,77.77,0.07956004,0.0,0.0,5.0,3.0,2377.0,86.0,0.0,-0.01000977,0.0,14.0,7.5,37.0
139.0,66116.2,52.5623462,-1.4957412,77.641,115.346,90.92,0.17,0.1,0.0,78.06999,78.03,77.81999,77.50999,0.1000061,78.00999,0.06936002,0.0,0.0,5.0,3.0,2389.0,86.0,0.0,-0.01000977,0.0,14.0,7.5,37.0
139.0,66116.3,52.5623376,-1.4957126,77.623,115.9,90.93,0.16,0.1,0.0,78.34,78.31,78.09999,77.92,0.1000061,78.27,0.05915999,0.0,0.0,5.0,3.0,2399.0,86.0,0.0,-0.01000977,0.0,14.0,7.5,37.0
139.0,66116.4,52.5623292,-1.4956839,77.782,115.78299999999999,90.94,0.15,0.1,0.0,78.55,78.61,78.36,78.03,0.0,78.54,0.06936002,-0.009180069,0.0,5.0,3.0,2401.0,86.0,0.0,-0.01000977,0.0,14.0,7.5,37.5
139.0,66116.5,52.5623209,-1.4956551,77.832,115.45200000000001,90.96,0.16,0.1,0.0,78.73999,78.75999,78.59999,78.3,-0.3999939,78.63,0.07956004,-0.02958012,0.0,5.0,3.0,2409.0,86.0,0.0,-0.01000977,0.0,14.0,7.5,37.5
139.0,66116.6,52.5623123,-1.4956260000000001,78.642,115.84700000000001,90.99,0.18,0.1,0.0,78.90999000000001,78.81,78.78,78.48999,-0.6999816999999999,78.84,0.07956004,-0.03978014,0.0,5.0,3.0,2410.0,86.0,0.0,-0.01000977,0.0,14.0,7.5,37.5
139.0,66116.7,52.5623038,-1.4955969,78.90100000000001,115.609,91.0,0.17,0.1,0.0,79.28999,79.17999,79.0,78.72,-0.7999878,79.15,0.06936002,-0.03978014,0.0,5.0,3.0,2424.0,86.0,0.0,-0.01000977,0.0,14.0,7.5,37.5
139.0,66116.8,52.5622956,-1.4955676000000002,78.775,115.038,91.02,0.17,0.1,0.0,79.58,79.47,79.2,78.81999,-0.3999939,79.5,0.05915999,-0.03978014,0.0,5.0,3.0,2444.0,86.0,0.0,-0.2400208,0.0,14.0,7.5,37.5
139.0,66116.9,52.562287100000006,-1.4955387,78.383,115.537,91.02,0.15,0.1,0.0,79.59999,79.67,79.42999,79.23999,-0.1000061,79.63,0.06936002,-0.01938009,0.0,5.0,3.0,2450.0,86.0,0.0,-0.01000977,0.0,14.0,7.5,37.5
139.0,66117.0,52.562278500000005,-1.4955093,79.27600000000001,115.537,91.05,0.17,0.1,0.0,79.89999,79.86,79.78999,79.42999,-0.3999939,79.77,0.06936002,-0.009180069,0.0,5.0,3.0,2448.0,86.0,0.0,-0.01000977,0.0,14.1,7.5,32.0
139.0,66117.1,52.562269900000004,-1.4954800000000001,79.236,115.588,91.06,0.16,0.1,0.0,80.12999,80.09999,79.92,79.62,-0.3999939,80.06,0.06936002,-0.01938009,0.0,5.0,3.0,2456.0,86.0,0.0,-0.2400208,0.0,14.0,7.5,29.0
139.0,66117.2,52.56226160000001,-1.4954507,79.225,115.204,91.07,0.16,0.1,0.0,80.34,80.25,80.17999,79.81999,-0.3999939,80.2,0.04997993,-0.01938009,0.0,5.0,3.0,2472.0,86.0,0.0,-0.01000977,0.0,14.0,7.5,28.5
139.0,66117.3,52.5622528,-1.4954211000000002,79.873,115.639,91.08,0.15,0.1,0.0,80.5,80.39999,80.34999,79.98,-0.29998779999999997,80.43,0.04997993,-0.02958012,0.0,5.0,3.0,2466.0,86.0,0.0,-0.01000977,0.0,14.0,7.5,28.5
139.0,66117.4,52.5622442,-1.4953916,79.96300000000001,115.73,91.09,0.14,0.1,0.0,80.62,80.64999,80.45999,80.2,-0.1999817,80.6,0.03977990000000001,-0.01938009,0.0,5.0,3.0,2473.0,86.0,0.0,-0.01000977,0.0,14.0,7.5,30.0
139.0,66117.5,52.56223550000001,-1.4953621000000001,80.046,115.684,91.11,0.15,0.1,0.0,80.78,80.75,80.55,80.25999,-0.29998779999999997,80.73,0.04997993,-0.009180069,0.0,5.0,3.0,2478.0,86.0,0.0,-0.2400208,0.0,14.0,7.5,30.0
139.0,66117.6,52.5622267,-1.4953324,80.485,115.99799999999999,91.14,0.16,0.1,0.0,80.92999,80.75,80.81999,80.48999,-0.5,80.83,0.04997993,-0.02958012,0.0,5.0,3.0,2487.0,86.0,0.0,-0.01000977,0.0,14.0,7.5,30.0
139.0,66117.7,52.562218099999996,-1.4953027,80.348,115.603,91.16,0.18,0.1,0.0,81.05,80.97,81.09,80.61,-0.29998779999999997,80.99,0.04997993,-0.02958012,0.0,5.0,3.0,2502.0,86.0,0.0,-0.01000977,0.0,14.0,7.5,30.0
139.0,66117.8,52.5622094,-1.4952729,80.485,115.583,91.19,0.18,0.1,0.0,81.15999000000001,81.15999000000001,81.22,80.86,-0.1999817,81.17,0.04997993,-0.02958012,0.0,5.0,3.0,2509.0,86.0,0.0,-0.01000977,0.0,14.0,7.5,30.5
139.0,66117.9,52.5622006,-1.4952432000000002,80.608,115.85700000000001,91.21,0.19,0.1,0.0,81.39999,81.42,81.25999,80.92999,-0.6999816999999999,81.31,0.04997993,-0.02958012,0.0,5.0,3.0,2510.0,86.0,0.0,-0.01000977,0.0,14.0,7.5,31.0
139.0,66118.0,52.562191999999996,-1.4952132999999999,80.752,115.412,91.24,0.19,0.1,0.0,81.59,81.53,81.36,80.94,-0.7999878,81.54,0.04997993,-0.02958012,0.0,5.0,3.0,2509.0,86.0,0.0,-0.01000977,0.0,14.0,7.5,31.5
139.0,66118.1,52.5621833,-1.4951833,81.007,115.40700000000001,91.27,0.2,0.1,0.0,81.73999,81.65999000000001,81.50999,81.19,-0.6999816999999999,81.71,0.03977990000000001,-0.02958012,0.0,5.0,3.0,2519.0,86.0,0.0,-0.2400208,0.0,14.0,7.5,32.0
139.0,66118.2,52.5621744,-1.4951535,81.072,116.01,91.28,0.2,0.1,0.0,81.95,81.86,81.81,81.42,-0.5,81.9,0.04997993,-0.02958012,0.0,5.0,3.0,2539.0,86.0,0.0,-0.01000977,0.0,14.0,7.5,32.0
139.0,66118.3,52.5621652,-1.4951236,81.461,116.48899999999999,91.26,0.15,0.1,0.0,82.05,82.17999,81.89,81.65999000000001,-0.1000061,82.03,0.04997993,-0.01938009,0.0,5.0,3.0,2514.0,86.0,0.0,-0.01000977,0.0,14.0,7.5,32.0
139.0,66118.4,52.5621559,-1.4950936999999997,81.828,116.98700000000001,91.28,0.15,0.1,0.0,82.3,82.3,82.08,81.83,0.0,82.23,0.04997993,0.0,0.0,5.0,3.0,2533.0,86.0,0.0,-0.2400208,0.0,14.0,7.5,32.5
139.0,66118.5,52.5621469,-1.4950637,81.749,116.366,91.32,0.18,0.1,0.0,82.48,82.42999,82.23,82.0,0.3999939,82.42,0.04997993,0.0,0.0,5.0,3.0,2525.0,86.0,0.0,-0.2400208,0.0,14.0,7.5,32.5
138.0,66118.6,52.562138000000004,-1.4950335000000001,82.044,116.022,91.3,0.14,0.1,0.0,82.62999,82.53999,82.44,82.14999,0.1000061,82.50999,0.05915999,0.0,0.0,5.0,3.0,2540.0,86.0,0.0,-0.01000977,0.0,14.0,7.5,32.5
138.0,66118.7,52.5621288,-1.4950031000000001,82.458,116.292,91.34,0.17,0.1,0.0,82.7,82.83,82.67999,82.45999,0.1000061,82.68999000000001,0.05915999,0.0,0.0,5.0,3.0,2541.0,86.0,0.0,-0.01000977,0.0,14.0,7.5,32.5
137.0,66118.8,52.562119700000004,-1.4949727000000002,82.59100000000001,116.22399999999999,91.36,0.17,0.1,0.0,83.00999,82.98,82.76999,82.45,0.1000061,82.95,0.04997993,0.0,0.0,5.0,3.0,2553.0,86.0,0.0,-0.01000977,0.0,14.0,7.5,32.5
137.0,66118.9,52.5621109,-1.4949423999999998,82.325,115.557,91.35,0.15,0.1,0.0,83.22,83.19,83.0,82.72,0.1000061,83.18999000000001,0.04997993,-0.009180069,0.0,5.0,3.0,2549.0,86.0,0.0,-0.01000977,0.0,14.0,7.5,33.0
138.0,66119.0,52.5621019,-1.4949119000000002,82.598,115.876,91.38,0.15,0.1,0.0,83.42,83.34999,83.23999,82.87,0.0,83.35,0.04997993,0.0,0.0,5.0,3.0,2554.0,86.0,0.0,-0.01000977,0.0,14.0,7.5,33.5
138.0,66119.1,52.5620931,-1.4948814,82.41799999999999,115.374,91.41,0.17,0.1,0.0,83.50999,83.62,83.37999,83.19,0.3999939,83.47,0.05915999,0.0,0.0,5.0,3.0,2572.0,86.0,0.0,-0.01000977,0.0,14.0,7.5,34.0
138.0,66119.2,52.562084600000006,-1.4948506,82.523,114.866,91.49,0.24,0.1,0.0,83.76999,83.72,83.59999,83.37999,0.1000061,83.73,0.05915999,0.0,0.0,5.0,3.0,2573.0,86.0,0.0,-0.01000977,0.0,14.0,7.5,34.0
138.0,66119.3,52.5620755,-1.4948199,82.99799999999999,115.495,91.51,0.23,0.1,0.0,84.05,84.03,83.81999,83.55,0.1000061,84.00999,0.04997993,0.0,0.0,5.0,3.0,2584.0,86.0,0.0,-0.01000977,0.0,14.0,7.5,34.0
138.0,66119.4,52.562066400000006,-1.4947890999999998,83.398,115.73700000000001,91.53,0.23,0.1,0.0,84.12,84.17,83.94,83.67,0.1000061,84.18,0.05915999,0.0,0.0,5.0,3.0,2574.0,86.0,0.0,-0.01000977,0.0,14.0,7.5,34.0
138.0,66119.5,52.5620575,-1.4947583,83.365,115.531,91.55,0.22,0.1,0.0,84.44,84.44,84.34,84.06,0.0,84.36,0.04997993,0.0,0.0,5.0,3.0,2594.0,86.0,0.0,-0.01000977,0.0,14.0,7.5,34.0
138.0,66119.6,52.56204820000001,-1.4947273,84.12100000000001,115.904,91.54,0.19,0.1,0.0,84.59,84.56,84.25999,83.98999,0.0,84.61,0.04997993,0.0,0.0,5.0,3.0,2589.0,86.0,0.0,-0.01000977,0.0,14.0,7.5,34.0
138.0,66119.7,52.562039,-1.4946963000000002,84.125,115.948,91.56,0.19,0.1,0.0,84.78,84.7,84.65999000000001,84.37999,0.1000061,84.67,0.05915999,-0.009180069,0.0,5.0,3.0,2589.0,86.0,0.0,-0.01000977,0.0,14.0,7.5,34.0
138.0,66119.8,52.5620298,-1.4946652,84.434,115.82799999999999,91.57,0.18,0.1,0.0,84.98999,85.06,84.78999,84.56999,0.1000061,84.93999000000001,0.04997993,0.0,0.0,5.0,3.0,2613.0,86.0,0.0,-0.01000977,0.0,14.0,7.5,34.0
138.0,66119.9,52.5620206,-1.494634,84.611,115.78299999999999,91.56,0.15,0.1,0.0,85.25999,85.25,84.98999,84.73999,0.0,85.15,0.04997993,0.0,0.0,5.0,3.0,2615.0,86.0,0.0,-0.01000977,0.0,14.0,7.5,34.0
138.0,66120.0,52.562011399999996,-1.4946027000000002,84.802,115.802,91.56,0.14,0.1,0.0,85.40999000000001,85.36,85.19,84.90999000000001,0.0,85.39,0.05915999,0.0,0.0,5.0,3.0,2613.0,86.0,0.0,-0.01000977,0.0,14.0,7.5,34.0
138.0,66120.1,52.5620021,-1.4945712,85.194,115.73100000000001,91.56,0.12,0.1,0.0,85.53,85.62,85.47,85.23,0.1000061,85.5,0.04997993,0.0,0.0,5.0,3.0,2623.0,86.0,0.0,-0.01000977,0.0,14.0,7.5,34.0
138.0,66120.2,52.561992700000005,-1.49454,85.064,116.167,91.56,0.1,0.1,0.0,85.84,85.86,85.62999,85.40999000000001,0.0,85.77,0.04997993,0.0,0.0,5.0,3.0,2622.0,86.0,0.0,-0.2400208,0.0,14.0,7.5,34.5
138.0,66120.3,52.561983500000004,-1.4945084000000002,85.536,115.656,91.55,0.09,0.1,0.0,86.00999,85.92,85.72,85.39999,0.0,85.98,0.04997993,0.0,0.0,5.0,3.0,2645.0,86.0,0.0,-0.01000977,0.0,14.0,7.5,35.5
138.0,66120.4,52.5619745,-1.4944765999999998,85.475,115.177,91.58,0.11,0.1,0.0,86.14999,86.08,86.0,85.73,0.0,86.05,0.05915999,0.0,0.0,5.0,3.0,2645.0,86.0,0.0,-0.01000977,0.0,14.0,7.5,36.0
139.0,66120.5,52.5619653,-1.4944448,85.89200000000001,115.242,91.59,0.1,0.1,0.0,86.39,86.45999,86.22,85.95,0.0,86.25999,0.05915999,0.0,0.0,5.0,3.0,2654.0,87.0,0.0,-0.2400208,0.0,14.0,7.5,36.0
139.0,66120.6,52.561956,-1.4944130000000002,85.961,115.57799999999999,91.58,0.08,0.1,0.0,86.73,86.64999,86.25,86.03,-0.1000061,86.7,0.04997993,-0.009180069,0.0,5.0,3.0,2667.0,87.0,0.0,-0.2400208,0.0,14.0,7.5,36.5
139.0,66120.7,52.561946400000004,-1.4943813000000001,86.339,116.01899999999999,91.55,0.03,0.1,0.0,86.90999000000001,86.84,86.64,86.39,0.0,86.86,0.05915999,-0.01938009,0.0,5.0,3.0,2661.0,87.0,0.0,-0.01000977,0.0,14.0,7.5,36.5
139.0,66120.8,52.5619371,-1.4943494999999998,86.11200000000001,115.62,91.55,0.03,0.1,0.0,87.0,87.12,86.98,86.69,0.0,86.96,0.06936002,0.0,0.0,5.0,3.0,2672.0,87.0,0.0,-0.01000977,0.0,14.0,7.5,36.5
139.0,66120.9,52.5619278,-1.4943175,86.706,115.588,91.56,0.04,0.1,0.0,87.3,87.26999,87.12,86.89,0.0,87.25,0.06936002,0.0,0.0,5.0,3.0,2672.0,87.0,0.0,-0.01000977,0.0,14.0,7.5,36.5
139.0,66121.0,52.5619183,-1.4942853999999999,86.904,115.669,91.56,0.04,0.1,0.0,87.56,87.47,87.37,87.0,-0.29998779999999997,87.48,0.05915999,-0.01938009,0.0,5.0,3.0,2688.0,86.0,0.0,-0.01000977,0.0,14.0,7.5,36.5
139.0,66121.1,52.5619088,-1.4942533,87.113,115.814,91.55,0.02,0.1,0.0,87.87,87.89999,87.59999,87.25999,-0.5,87.75999,0.05915999,-0.01938009,0.0,5.0,3.0,2701.0,87.0,0.0,-0.01000977,0.0,14.0,7.5,36.5
139.0,66121.2,52.5618993,-1.4942209,87.53,115.624,91.56,0.03,0.1,0.0,88.03,87.98,87.81,87.48,-0.5,87.99,0.05915999,-0.02958012,0.0,5.0,3.0,2702.0,87.0,0.0,-0.01000977,0.0,14.0,7.5,36.5
138.0,66121.3,52.5618898,-1.4941886999999998,87.361,115.74799999999999,91.55,0.01,0.1,0.0,88.28,88.12999,88.09999,87.67999,-0.3999939,88.13,0.05915999,-0.02958012,0.0,5.0,3.0,2702.0,87.0,0.0,-0.01000977,0.0,14.0,7.5,36.5
138.0,66121.4,52.561880200000004,-1.4941563,87.865,115.74600000000001,91.55,0.02,0.1,0.0,88.42999,88.47,88.28999,87.87,-0.5,88.4,0.05915999,-0.03978014,0.0,5.0,3.0,2717.0,87.0,0.0,-0.01000977,0.0,14.0,7.5,36.5
138.0,66121.5,52.5618707,-1.4941238000000001,88.016,115.715,91.55,0.01,0.1,0.0,88.72,88.64,88.56999,88.17999,-0.6999816999999999,88.63,0.05915999,-0.02958012,0.0,5.0,3.0,2726.0,87.0,0.0,-0.01000977,0.0,14.0,7.5,36.5
138.0,66121.6,52.561861,-1.4940913,88.204,115.96700000000001,91.55,0.01,0.1,0.0,88.94,88.83,88.70999,88.28,-0.5,88.86,0.05915999,-0.02958012,0.0,5.0,3.0,2738.0,87.0,0.0,-0.01000977,0.0,14.0,7.5,36.5
138.0,66121.7,52.5618512,-1.4940586999999999,88.59200000000001,116.04700000000001,91.54,0.01,0.1,0.0,89.12,89.2,89.03,88.56,-0.5,89.04,0.05915999,-0.01938009,0.0,5.0,3.0,2721.0,87.0,0.0,-0.01000977,0.0,14.0,7.5,36.5
138.0,66121.8,52.5618416,-1.4940261,88.52,115.943,91.55,0.01,0.1,0.0,89.31,89.28999,89.17,88.81999,-0.5,89.32999000000001,0.05915999,-0.01938009,0.0,5.0,3.0,2741.0,87.0,0.0,-0.01000977,0.0,14.0,7.5,36.5
138.0,66121.9,52.5618318,-1.4939932999999999,88.93799999999999,116.025,91.55,0.02,0.1,0.0,89.56999,89.48999,89.45,89.01999,-0.6000061,89.46,0.05915999,-0.02958012,0.0,5.0,3.0,2744.0,87.0,0.0,-0.01000977,0.0,14.0,7.5,35.5
138.0,66122.0,52.5618221,-1.4939606,88.794,115.884,91.56,0.02,0.1,0.0,89.8,89.89,89.59999,89.25,-0.1000061,89.68999000000001,0.05915999,-0.01938009,0.0,5.0,3.0,2742.0,87.0,0.0,-0.2400208,0.0,14.0,7.5,34.5
138.0,66122.1,52.5618123,-1.4939277,89.348,116.06299999999999,91.56,0.02,0.1,0.0,89.95999,89.95999,89.73,89.45,0.0,89.96,0.05915999,0.0,0.0,5.0,3.0,2759.0,87.0,0.0,-0.01000977,0.0,14.0,7.5,34.0
137.0,66122.2,52.561802400000005,-1.4938948,89.352,116.18299999999999,91.57,0.03,0.1,0.0,90.14999,90.17,90.05,89.64999,0.0,90.1,0.04997993,0.0,0.0,5.0,3.0,2776.0,87.0,0.0,-0.01000977,0.0,14.0,7.5,33.5
137.0,66122.3,52.5617926,-1.4938617,90.05,115.993,91.55,0.01,0.1,0.0,90.42,90.39,90.15999000000001,89.87,-0.1999817,90.34,0.04997993,0.0,0.0,5.0,3.0,2773.0,87.0,0.0,-0.01000977,0.0,14.0,7.5,33.0
137.0,66122.4,52.5617831,-1.4938287000000001,89.14,115.554,91.58,0.04,0.1,0.0,90.56999,90.50999,90.25999,90.01999,-0.1999817,90.55,0.04997993,0.0,0.0,5.0,3.0,2773.0,87.0,0.0,-0.01000977,0.0,14.0,7.5,33.0
137.0,66122.5,52.561773099999996,-1.4937957,89.791,116.24700000000001,91.59,0.05,0.1,0.0,90.62,90.67999,90.73,90.26999,-0.1000061,90.64,0.04997993,-0.009180069,0.0,5.0,3.0,2776.0,87.0,0.0,-0.01000977,0.0,14.0,7.5,33.0
137.0,66122.6,52.561763000000006,-1.4937624999999999,90.385,116.416,91.59,0.04,0.1,0.0,90.98999,90.83,90.8,90.37,0.0,90.97,0.03977990000000001,-0.01938009,0.0,5.0,3.0,2794.0,87.0,0.0,-0.01000977,0.0,14.0,7.5,33.0
137.0,66122.7,52.561753100000004,-1.4937295,90.061,116.256,91.59,0.03,0.1,0.0,91.11,91.11,90.87,90.5,0.0,90.91,0.03977990000000001,0.0,0.0,5.0,3.0,2787.0,87.0,0.0,-0.01000977,0.0,14.0,7.5,32.5
137.0,66122.8,52.561743,-1.4936959,91.04799999999999,116.197,91.59,0.04,0.1,0.0,91.17999,91.36,91.09,90.78999,0.0,91.16,0.04997993,0.0,0.0,5.0,3.0,2793.0,87.0,0.0,-0.2400208,0.0,14.0,7.5,32.0
137.0,66122.9,52.561733200000006,-1.4936623,91.05799999999999,115.791,91.58,0.02,0.1,0.0,91.40999000000001,91.36,91.28999,90.95999,-0.29998779999999997,91.39,0.04997993,-0.009180069,0.0,5.0,3.0,2808.0,87.0,0.0,-0.01000977,0.0,14.0,7.5,32.0
137.0,66123.0,52.5617224,-1.4936289999999999,91.742,117.413,91.62,0.06,0.1,0.0,91.59,91.48,91.45,91.0,-0.1999817,91.53,0.03977990000000001,-0.009180069,0.0,5.0,3.0,2806.0,87.0,0.0,-0.01000977,0.0,14.1,7.5,31.0
137.0,66123.1,52.5617122,-1.4935956,91.404,116.913,91.65,0.09,0.1,0.0,91.84,91.81,91.62999,91.3,0.0,91.74,0.03977990000000001,-0.009180069,0.0,5.0,3.0,2814.0,87.0,0.0,-0.01000977,0.0,14.0,7.5,31.0
137.0,66123.2,52.56170240000001,-1.4935618,91.465,115.844,91.61,0.04,0.1,0.0,91.94,91.86,91.76999,91.44,0.0,91.9,0.03977990000000001,-0.009180069,0.0,5.0,3.0,2827.0,87.0,0.0,-0.2400208,0.0,14.0,7.5,30.0
139.0,66123.3,52.5616923,-1.4935283000000001,91.177,116.17399999999999,91.62,0.05,0.1,0.0,92.11,92.19,92.01999,91.59,0.0,92.06,0.03977990000000001,-0.009180069,0.0,5.0,3.0,2830.0,87.0,0.0,-0.2400208,0.0,14.0,7.5,9.5
139.0,66123.4,52.5616823,-1.4934945,91.67,115.902,91.62,0.04,0.1,0.0,92.19,92.2,92.08,91.8,0.0,92.23,0.02957988,0.0,0.0,5.0,3.0,2802.0,87.0,0.0,-0.01000977,0.0,14.1,7.5,0.0
139.0,66123.5,52.5616721,-1.4934607,91.926,116.178,91.6,0.0,0.1,0.0,92.23,92.19,92.20999,91.75,-0.1000061,92.1,0.0,-0.009180069,0.0,5.0,3.0,2817.0,87.0,0.0,-0.01000977,0.0,14.1,7.5,0.0
139.0,66123.6,52.5616619,-1.493427,91.771,116.29899999999999,91.6,0.0,0.1,0.0,92.14,92.12999,92.09999,91.70999,0.0,92.07999000000001,-0.009180069,0.0,0.0,5.0,3.0,2819.0,87.0,0.0,-0.01000977,0.0,14.0,7.5,0.0
139.0,66123.7,52.5616519,-1.4933932,91.804,116.199,91.6,0.0,0.1,0.0,91.98999,91.84999,91.95,91.59,-0.1999817,92.00999,-0.01938009,0.0,0.0,5.0,3.0,2821.0,87.0,0.0,1.660004,1.0,14.0,7.5,0.0
139.0,66123.8,52.5616418,-1.4933594,92.02,116.03,91.57,-0.03,0.1,0.0,91.84999,91.75,91.92,91.48999,-0.1000061,91.77,-0.02958012,0.0,0.0,5.0,3.0,2810.0,87.0,0.0,3.789978,1.0,14.1,7.5,0.0
139.0,66123.9,52.561631600000005,-1.4933257,91.595,116.23200000000001,91.57,-0.04,0.1,0.0,91.47,91.45,91.53999,91.25,0.0,91.57,-0.05915999,0.0,0.0,5.0,3.0,2761.0,87.0,0.0,6.639983999999999,1.0,14.1,7.5,0.0
139.0,66124.0,52.5616213,-1.4932924,91.238,116.883,91.6,-0.0,0.1,0.0,91.23999,91.15999000000001,91.28,90.89999,0.1000061,91.28,-0.08976007,0.0,0.0,5.0,3.0,2775.0,87.0,0.0,7.359985000000001,1.0,14.0,7.5,0.0
139.0,66124.1,52.5616116,-1.4932591,90.52600000000001,115.978,91.64,0.04,0.1,0.0,90.87999,90.84999,90.95,90.53999,0.3000183,90.93999000000001,-0.10913989999999998,0.0,0.0,5.0,3.0,2796.0,87.0,0.0,7.829986999999999,1.0,14.0,7.5,0.0
139.0,66124.2,52.5616022,-1.4932255,90.37799999999999,115.147,91.67,0.07,0.1,0.0,90.5,90.42,90.40999000000001,90.23999,0.0,90.57999000000001,-0.11933989999999998,0.0,0.0,5.0,3.0,2762.0,87.0,0.0,8.539978,1.0,14.1,7.5,0.0
139.0,66124.3,52.5615927,-1.4931923,89.70100000000001,115.305,91.7,0.1,0.1,0.0,89.98999,89.94,90.06,89.69,0.0,90.18,-0.11933989999999998,0.0,0.0,5.0,3.0,2748.0,87.0,0.0,8.539978,1.0,14.1,7.5,0.0
139.0,66124.4,52.561583399999996,-1.4931591,89.38799999999999,115.029,91.75,0.13,0.1,0.0,89.62,89.61,89.73999,89.25999,0.1000061,89.57,-0.11933989999999998,-0.009180069,0.0,5.0,3.0,2749.0,87.0,0.0,8.779999,1.0,14.1,7.5,0.0
139.0,66124.5,52.5615735,-1.4931263000000001,89.374,115.927,91.74,0.11,0.1,0.0,89.3,89.25999,89.09999,88.70999,0.2000122,89.39,-0.13974,-0.009180069,0.0,5.0,3.0,2726.0,87.0,0.0,9.489989999999999,1.0,14.1,7.5,0.0
139.0,66124.6,52.561563500000005,-1.4930934,89.464,116.191,91.72,0.08,0.1,0.0,88.65999000000001,88.70999,88.76999,88.47,0.1000061,88.86,-0.12954000000000002,0.0,0.0,5.0,3.0,2724.0,87.0,0.0,9.489989999999999,1.0,14.1,7.5,0.0
139.0,66124.7,52.5615536,-1.493061,88.654,116.43,91.71,0.06,0.1,0.0,88.40999000000001,88.33,88.44,88.06,0.0,88.43,-0.12954000000000002,0.0,0.0,5.0,3.0,2713.0,87.0,0.0,9.259979,1.0,14.1,7.5,0.0
139.0,66124.8,52.5615437,-1.4930288999999999,87.79700000000001,116.744,91.72,0.08,0.1,0.0,87.89999,87.78,87.87,87.53999,-0.1000061,87.93999000000001,-0.13974,0.0,0.0,5.0,3.0,2684.0,87.0,0.0,9.489989999999999,1.0,14.0,7.5,0.0
139.0,66124.9,52.561534,-1.4929968,87.54799999999999,116.445,91.71,0.06,0.1,0.0,87.37,87.56999,87.55,87.17,-0.1000061,87.65,-0.13974,0.0,0.0,5.0,3.0,2675.0,87.0,0.0,9.72998,1.0,14.0,7.5,0.0
139.0,66125.0,52.5615247,-1.4929644999999998,87.34700000000001,115.711,91.7,0.05,0.1,0.0,87.0,86.76999,86.87999,86.87,-0.1999817,87.09,-0.12954000000000002,0.0,0.0,5.0,3.0,2653.0,87.0,0.0,9.019989,1.0,14.0,7.5,0.0
139.0,66125.1,52.5615156,-1.4929325,86.38600000000001,115.406,91.67,0.01,0.1,0.0,86.56,86.65999000000001,86.50999,86.31,0.0,86.57,-0.12954000000000002,-0.009180069,0.0,5.0,3.0,2646.0,87.0,0.0,5.690002,1.0,14.0,7.5,0.0
139.0,66125.2,52.561506,-1.4929005999999998,86.58,115.98899999999999,91.7,0.04,0.1,0.0,86.09999,86.06999,86.31999,85.87999,0.0,86.17,-0.10913989999999998,0.0,0.0,5.0,3.0,2642.0,87.0,0.0,4.029999,1.0,14.0,7.5,0.0
139.0,66125.3,52.561496600000005,-1.492869,85.84899999999999,116.02799999999999,91.7,0.04,0.1,0.0,85.95999,85.87999,85.76999,85.48999,0.1000061,86.02,-0.11933989999999998,0.0,0.0,5.0,3.0,2628.0,87.0,0.0,4.029999,1.0,14.0,7.5,0.0
138.0,66125.4,52.5614869,-1.4928376,85.734,116.492,91.68,0.01,0.1,0.0,85.64,85.64,85.5,85.2,0.0,85.65,-0.10913989999999998,0.0,0.0,5.0,3.0,2627.0,87.0,0.0,4.509979,1.0,14.1,7.5,0.0
138.0,66125.5,52.5614773,-1.4928062,85.648,116.635,91.68,0.01,0.1,0.0,85.28999,85.22,85.19,84.92,0.0,85.36,-0.09996009,0.009180069,0.0,5.0,3.0,2616.0,87.0,0.0,4.509979,1.0,14.1,7.5,0.0
138.0,66125.6,52.5614683,-1.4927746999999998,85.306,115.794,91.67,0.0,0.1,0.0,84.84,84.78999,85.06,84.64,0.0,84.86,-0.08976007,0.0,0.0,5.0,3.0,2605.0,87.0,0.0,4.509979,1.0,14.1,7.5,0.0
138.0,66125.7,52.561458699999996,-1.4927435,85.086,116.318,91.65,-0.01,0.1,0.0,84.8,84.76999,84.72,84.40999000000001,0.1000061,84.68,-0.10913989999999998,0.0,0.0,5.0,3.0,2588.0,87.0,0.0,3.320007,1.0,14.1,7.5,0.0
138.0,66125.8,52.561449599999996,-1.4927123999999998,84.46700000000001,116.02799999999999,91.64,-0.02,0.1,0.0,84.45,84.42999,84.23,84.06,0.0,84.54,-0.09996009,0.0,0.0,5.0,3.0,2591.0,87.0,0.0,3.079987,1.0,14.1,7.5,0.0
138.0,66125.9,52.5614404,-1.4926815,83.95200000000001,115.978,91.64,-0.02,0.1,0.0,84.06,83.98,84.14,83.73999,-0.29998779999999997,84.13,-0.08976007,0.0,0.0,5.0,3.0,2580.0,87.0,0.0,1.889984,1.0,14.0,7.5,0.0
138.0,66126.0,52.5614314,-1.4926507,83.65299999999999,115.82600000000001,91.68,0.02,0.1,0.0,83.92999,83.84999,83.95999,83.56999,-0.1999817,83.86,-0.06936002,0.0,0.0,5.0,3.0,2564.0,87.0,0.0,-0.01000977,1.0,14.1,7.5,0.0
138.0,66126.1,52.561422799999995,-1.4926196999999999,83.189,115.10799999999999,91.72,0.06,0.1,0.0,83.70999,83.73999,83.56,83.31999,0.0,83.81,-0.06936002,-0.009180069,0.0,5.0,3.0,2568.0,87.0,0.0,-0.01000977,0.0,14.0,7.5,0.0
138.0,66126.2,52.5614138,-1.4925891,82.958,115.63600000000001,91.67,0.01,0.1,0.0,83.48,83.44,83.37999,83.08,0.3000183,83.74,-0.06936002,0.0,0.0,5.0,3.0,2554.0,87.0,0.0,-0.01000977,0.0,14.1,7.5,0.0
138.0,66126.3,52.561404499999995,-1.4925584,83.42299999999999,116.01700000000001,91.65,-0.02,0.1,0.0,83.33,83.25,83.14999,82.05,-0.1999817,83.47,-0.06936002,-0.009180069,0.0,5.0,3.0,2560.0,87.0,0.0,-0.2400208,0.0,14.1,7.5,0.0
139.0,66126.4,52.5613954,-1.4925279,83.052,115.99600000000001,91.6,-0.06,0.1,0.0,83.19,83.37999,83.17,82.81,-1.0,83.02,-0.04997993,-0.02958012,0.0,5.0,3.0,2535.0,87.0,0.0,-0.01000977,0.0,14.0,7.5,0.0
139.0,66126.5,52.5613862,-1.4924973,83.171,116.265,91.6,-0.06,0.1,0.0,83.03,82.89,82.84999,81.98,-0.6999816999999999,83.07,-0.06936002,-0.02958012,0.0,5.0,3.0,2549.0,87.0,0.0,-0.01000977,0.0,14.0,7.5,0.0
139.0,66126.6,52.561376900000006,-1.492467,82.83200000000001,116.55,91.57,-0.08,0.1,0.0,82.78,82.55,82.75999,82.45,-1.0,82.73,-0.05915999,-0.01938009,0.0,5.0,3.0,2537.0,87.0,0.0,-0.2400208,0.0,14.1,7.5,0.0
139.0,66126.7,52.5613679,-1.4924363,82.98,116.005,91.54,-0.1,0.1,0.0,82.64999,82.53,82.73,82.17999,-0.7999878,82.57,-0.05915999,-0.03978014,0.0,5.0,3.0,2535.0,87.0,0.0,-0.2400208,0.0,14.1,7.5,0.0
139.0,66126.8,52.5613586,-1.492406,82.836,116.619,91.55,-0.08,0.1,0.0,82.50999,82.34999,82.39999,81.95999,-0.1999817,82.43,-0.06936002,-0.04997993,0.0,5.0,3.0,2520.0,87.0,0.0,-0.01000977,0.0,14.1,7.5,0.0
139.0,66126.9,52.5613497,-1.4923757,82.249,115.943,91.55,-0.07,0.1,0.0,82.17,82.37,82.14,81.95999,0.1000061,82.25999,-0.05915999,-0.02958012,0.0,5.0,3.0,2510.0,87.0,0.0,-0.01000977,0.0,14.1,7.5,0.0
139.0,66127.0,52.5613408,-1.4923457000000002,81.515,115.898,91.53,-0.07,0.1,0.0,81.98999,81.97,81.92999,81.53999,0.2000122,82.06,-0.05915999,0.0,0.0,5.0,3.0,2519.0,87.0,0.0,-0.2400208,0.0,14.1,7.5,0.0
139.0,66127.1,52.56133179999999,-1.4923156,81.767,116.06,91.56,-0.04,0.1,0.0,81.81,81.45999,81.92999,81.5,-0.1999817,81.64,-0.04997993,-0.009180069,0.0,5.0,3.0,2509.0,87.0,0.0,-0.01000977,0.0,14.1,7.5,0.0
139.0,66127.2,52.561323099999996,-1.4922857,81.025,115.634,91.55,-0.04,0.1,0.0,81.76999,81.89999,81.72,81.5,0.0,81.75,-0.06936002,0.0,0.0,5.0,3.0,2513.0,87.0,0.0,-0.01000977,0.0,14.0,7.5,0.0
139.0,66127.3,52.561314100000004,-1.492256,80.928,116.147,91.58,-0.01,0.1,0.0,81.53999,81.45,81.45999,81.25,-0.3999939,81.6,-0.05915999,0.009180069,0.0,5.0,3.0,2489.0,87.0,0.0,-0.01000977,0.0,14.0,7.5,0.0
139.0,66127.4,52.561305700000005,-1.4922263,80.204,115.54,91.6,0.01,0.1,0.0,81.3,81.12999,81.34999,81.15999000000001,-0.3999939,81.28,-0.05915999,-0.009180069,0.0,5.0,3.0,2483.0,87.0,0.0,-0.2400208,0.0,14.0,7.5,0.0
139.0,66127.5,52.5612968,-1.4921967,80.5,115.963,91.61,0.02,0.1,0.0,81.19,81.01999,81.25999,80.83,-0.1000061,81.14,-0.05915999,-0.02958012,0.0,5.0,3.0,2480.0,87.0,0.0,-0.01000977,0.0,14.0,7.5,0.0
139.0,66127.6,52.5612883,-1.4921669000000002,80.42,115.426,91.6,0.01,0.1,0.0,80.95999,80.73999,80.86,80.47,0.2000122,80.95,-0.05915999,-0.02958012,0.0,5.0,3.0,2482.0,87.0,0.0,-0.2400208,0.0,14.0,7.5,0.0
139.0,66127.7,52.561279400000004,-1.4921373,80.492,116.012,91.64,0.06,0.1,0.0,80.70999,80.75999,80.72,80.59,0.3000183,80.93999000000001,-0.05915999,-0.009180069,0.0,5.0,3.0,2484.0,87.0,0.0,-0.01000977,0.0,14.0,7.5,0.0
139.0,66127.8,52.5612707,-1.4921078,80.244,116.11399999999999,91.67,0.08,0.1,0.0,80.67,80.42999,80.36,80.34999,0.1000061,80.57,-0.05915999,0.009180069,0.0,5.0,3.0,2462.0,87.0,0.0,-0.01000977,0.0,14.1,7.5,0.0
139.0,66127.9,52.56126199999999,-1.4920783,80.01,115.837,91.65,0.06,0.1,0.0,80.51999,80.5,80.26999,80.28999,-0.1000061,80.6,-0.05915999,0.01937985,0.0,5.0,3.0,2464.0,87.0,0.0,-0.2400208,0.0,14.1,7.5,0.0
139.0,66128.0,52.5612533,-1.4920489,79.916,115.954,91.67,0.07,0.1,0.0,80.3,79.92,80.3,79.76999,-0.3999939,80.4,-0.05915999,0.02957988,0.0,5.0,3.0,2450.0,87.0,0.0,-0.01000977,0.0,14.1,7.5,0.0
139.0,66128.1,52.561244699999996,-1.4920195,79.56,115.70299999999999,91.67,0.06,0.1,0.0,80.08,79.92999,80.09,79.94,0.0,79.98,-0.05915999,0.009180069,0.0,5.0,3.0,2451.0,87.0,0.0,-0.01000977,0.0,14.1,7.5,0.0
139.0,66128.2,52.5612353,-1.4919906,79.751,117.32600000000001,91.76,0.15,0.1,0.0,79.92999,79.89999,79.70999,79.78999,0.2000122,79.9,-0.05915999,0.0,0.0,5.0,3.0,2449.0,87.0,0.0,-0.01000977,0.0,14.0,7.5,0.0
139.0,66128.3,52.5612276,-1.4919611999999998,78.71,115.03399999999999,91.73,0.1,0.1,0.0,79.84999,79.84999,79.65999000000001,79.50999,0.3000183,79.85,-0.06936002,0.01937985,0.0,5.0,3.0,2444.0,87.0,0.0,-0.01000977,0.0,14.0,7.5,0.0
139.0,66128.4,52.56121929999999,-1.4919319999999998,78.646,115.03,91.75,0.11,0.1,0.0,79.59,79.56,79.59,79.25,0.3999939,79.67,-0.05915999,0.009180069,0.0,5.0,3.0,2444.0,87.0,0.0,-0.2400208,0.0,14.0,7.5,0.0
139.0,66128.5,52.561211199999995,-1.4919029,78.178,114.70100000000001,91.77,0.12,0.1,0.0,79.34999,79.39,79.45,79.22,0.5,79.36,-0.04997993,0.01937985,0.0,5.0,3.0,2426.0,87.0,0.0,-0.2400208,0.0,14.0,7.5,0.0
139.0,66128.6,52.5612042,-1.4918733000000002,77.908,112.679,91.79,0.12,0.1,0.0,79.2,79.20999,79.31,79.09999,0.6000061,79.13,-0.04997993,0.009180069,0.0,5.0,3.0,2420.0,87.0,0.0,-0.01000977,0.0,14.0,7.5,0.0
139.0,66128.7,52.5611987,-1.4918439,76.23,109.725,91.86,0.18,0.1,0.0,79.15999000000001,79.14999,79.09,78.89,1.200012,79.22,-0.06936002,0.009180069,0.0,5.0,3.0,2420.0,87.0,0.0,-0.01000977,0.0,14.0,7.5,0.0
139.0,66128.8,52.561191,-1.4918147,76.87100000000001,111.648,91.84,0.14,0.1,0.0,79.01999,79.05,78.78,78.64,0.8000183000000001,79.07,-0.05915999,0.01937985,0.0,5.0,3.0,2426.0,87.0,0.0,-0.01000977,0.0,14.0,7.5,0.0
138.0,66128.9,52.5611835,-1.4917856,76.892,112.35700000000001,91.86,0.15,0.1,0.0,78.84,78.73999,78.67,78.62999,0.5,78.86,-0.05915999,0.02957988,0.0,5.0,3.0,2419.0,87.0,0.0,-0.01000977,0.0,14.1,7.5,0.0
138.0,66129.0,52.5611747,-1.4917568,77.71300000000001,114.524,91.91,0.18,0.1,0.0,78.53999,78.62,78.75,78.50999,0.3999939,78.61,-0.04997993,0.02957988,0.0,5.0,3.0,2412.0,87.0,0.0,-0.01000977,0.0,14.0,7.5,0.0
137.0,66129.1,52.561166400000005,-1.4917277,78.134,114.741,91.9,0.15,0.1,0.0,78.61,78.58,78.48999,78.28999,0.3999939,78.52,-0.05915999,0.009180069,0.0,5.0,3.0,2412.0,87.0,0.0,-0.01000977,0.0,14.0,7.5,0.0
137.0,66129.2,52.561158,-1.4916988999999998,77.738,115.33,91.89,0.13,0.1,0.0,78.31999,78.23,78.22,78.01999,0.0,78.35,-0.05915999,0.0,0.0,5.0,3.0,2402.0,87.0,0.0,-0.2400208,0.0,14.1,7.5,0.0
137.0,66129.3,52.5611497,-1.4916698,78.03699999999999,114.99799999999999,91.82,0.05,0.1,0.0,78.20999,78.11,78.08,77.95,0.1000061,78.25,-0.05915999,0.0,0.0,5.0,3.0,2401.0,87.0,0.0,-0.01000977,0.0,14.1,7.5,0.0
137.0,66129.4,52.5611413,-1.4916409000000002,77.962,115.375,91.83,0.05,0.1,0.0,77.98999,77.81,78.0,77.69,0.0,77.96,-0.04997993,-0.009180069,0.0,5.0,3.0,2391.0,87.0,0.0,-0.01000977,0.0,14.0,7.5,0.0
138.0,66129.5,52.561132799999996,-1.4916121999999998,77.641,115.715,91.74,-0.03,0.1,0.0,77.81999,77.8,77.84999,77.59,0.1000061,77.85,-0.05915999,-0.01938009,0.0,5.0,3.0,2381.0,87.0,0.0,-0.2400208,0.0,14.0,7.5,0.0
137.0,66129.6,52.5611242,-1.4915834000000001,77.922,115.84100000000001,91.7,-0.06,0.1,0.0,77.8,77.78999,77.7,77.45999,0.3000183,77.74,-0.05915999,0.0,0.0,5.0,3.0,2385.0,87.0,0.0,-0.01000977,0.0,14.0,7.5,0.0
137.0,66129.7,52.561116999999996,-1.4915543,77.16199999999999,113.71700000000001,91.71,-0.04,0.1,0.0,77.65999000000001,77.76999,77.48,77.12999,0.0,77.78,-0.05915999,0.0,0.0,5.0,3.0,2371.0,87.0,0.0,-0.01000977,0.0,14.0,7.5,0.0
137.0,66129.8,52.56110820000001,-1.4915258,77.414,115.667,91.73,-0.02,0.1,0.0,77.51999,77.36,77.42999,77.03999,-0.1000061,77.57,-0.05915999,0.009180069,0.0,5.0,3.0,2364.0,87.0,0.0,-0.01000977,0.0,14.1,7.5,0.0
138.0,66129.9,52.561099600000006,-1.4914973,77.472,116.037,91.68,-0.07,0.1,0.0,77.34,77.28999,77.23999,77.08,-0.1999817,77.28,-0.04997993,0.0,0.0,5.0,3.0,2351.0,87.0,0.0,-0.01000977,0.0,14.0,7.5,0.0
138.0,66130.0,52.561091600000005,-1.4914687,77.112,115.205,91.7,-0.04,0.1,0.0,77.26999,77.45999,77.2,77.17,0.0,77.21,-0.05915999,0.009180069,0.0,5.0,3.0,2335.0,87.0,0.0,-0.01000977,0.0,14.0,7.5,0.0
138.0,66130.1,52.561083599999996,-1.49144,76.993,114.921,91.68,-0.05,0.1,0.0,77.08,76.86,77.01999,76.53999,-0.1999817,76.96,-0.04997993,0.0,0.0,5.0,3.0,2322.0,86.0,0.0,-0.01000977,0.0,14.0,7.5,0.0
138.0,66130.2,52.561074600000005,-1.4914118,76.961,116.307,91.64,-0.08,0.1,0.0,76.64999,76.72,76.98999,76.78,-0.1999817,76.59,-0.04997993,-0.009180069,0.0,5.0,3.0,2309.0,86.0,0.0,-0.01000977,0.0,14.1,7.5,0.0
138.0,66130.3,52.5610668,-1.4913832000000002,77.033,115.039,91.66,-0.06,0.1,0.0,76.73,76.73,76.75999,76.45999,0.0,76.6,-0.04997993,-0.05915999,0.0,5.0,3.0,2306.0,86.0,0.0,-0.01000977,0.0,14.0,7.5,0.0
138.0,66130.4,52.5610583,-1.491355,76.583,115.773,91.61,-0.1,0.1,0.0,76.56999,76.50999,76.41,76.22,-0.1999817,76.59,-0.05915999,-0.05915999,0.0,5.0,3.0,2283.0,86.0,0.0,-0.01000977,0.0,14.0,7.5,0.0
138.0,66130.5,52.5610505,-1.4913269,75.64,115.152,91.55,-0.14,0.1,0.0,76.51999,76.34999,76.34,76.20999,-0.3999939,76.49,-0.04997993,-0.02958012,0.0,5.0,3.0,2284.0,86.0,0.0,-0.01000977,0.0,14.1,7.5,0.0
138.0,66130.6,52.561042,-1.4912988,76.309,115.80799999999999,91.52,-0.15,0.1,0.0,76.33,76.05,76.17999,75.97,-0.8999939,76.38,-0.04997993,-0.009180069,0.0,5.0,3.0,2267.0,86.0,0.0,-0.01000977,0.0,14.1,7.5,0.0
138.0,66130.7,52.56103399999999,-1.4912706,76.018,115.20200000000001,91.49,-0.17,0.1,0.0,76.2,75.97,76.17999,75.87,-1.600006,76.16,-0.04997993,-0.009180069,0.0,5.0,3.0,2257.0,86.0,0.0,-0.01000977,0.0,14.0,7.5,0.0
138.0,66130.8,52.5610257,-1.4912427000000001,75.70100000000001,115.633,91.48,-0.16,0.1,0.0,76.08,75.97,76.11,75.69,-1.1999819999999999,76.00999,-0.05915999,-0.02958012,0.0,5.0,3.0,2262.0,86.0,0.0,-0.01000977,0.0,14.0,7.5,0.0
138.0,66130.9,52.5610181,-1.4912146,75.251,114.575,91.46,-0.16,0.1,0.0,75.87999,75.87999,75.91,75.56999,-0.6000061,75.84,-0.05915999,-0.04997993,0.0,5.0,3.0,2261.0,86.0,0.0,-0.01000977,0.0,14.0,7.5,0.0
138.0,66131.0,52.5610101,-1.4911868,75.074,115.16799999999999,91.47,-0.14,0.1,0.0,75.75,75.73,75.78,75.48,-0.3999939,75.75,-0.05915999,-0.03978014,0.0,5.0,3.0,2251.0,86.0,0.0,-0.2400208,0.0,14.0,7.5,0.0
138.0,66131.1,52.5610018,-1.4911591,75.096,115.726,91.47,-0.12,0.1,0.0,75.56,75.5,75.48,75.2,-0.1999817,75.57,-0.04997993,-0.02958012,0.0,5.0,3.0,2258.0,86.0,0.0,-0.01000977,0.0,14.0,7.5,0.5
138.0,66131.2,52.560994,-1.4911313,74.977,115.119,91.48,-0.1,0.1,0.0,75.41,75.39,75.36,75.03999,-0.3999939,75.41,-0.04997993,-0.01938009,0.0,5.0,3.0,2262.0,86.0,0.0,-0.2400208,0.0,14.0,7.5,2.0
138.0,66131.3,52.5609859,-1.4911035000000001,74.984,115.45100000000001,91.47,-0.1,0.1,0.0,75.48999,75.22,75.28,75.06999,-0.5,75.38,-0.04997993,-0.009180069,0.0,5.0,3.0,2332.0,86.0,0.0,-0.01000977,0.0,14.0,7.5,5.0
138.0,66131.4,52.5609774,-1.4910762,74.585,116.334,91.43,-0.13,0.1,0.0,75.37999,75.16,75.09,74.89,-0.29998779999999997,75.31,-0.03978014,0.0,0.0,5.0,3.0,2321.0,86.0,0.0,-0.01000977,0.0,14.0,7.5,6.5
138.0,66131.5,52.5609687,-1.4910488999999998,74.992,116.965,91.4,-0.15,0.1,0.0,75.22,75.31,75.17,75.05,0.1000061,75.23,-0.02958012,0.009180069,0.0,5.0,3.0,2300.0,86.0,0.0,-0.01000977,0.0,14.0,7.5,9.0
138.0,66131.6,52.56096,-1.4910215,75.11,117.29,91.37,-0.16,0.1,0.0,75.09999,75.09,75.12,75.00999,0.0,75.07,-0.02958012,0.01937985,0.0,5.0,3.0,2300.0,86.0,0.0,0.9400023999999999,0.0,14.1,7.5,10.0
138.0,66131.7,52.5609514,-1.4909938000000003,75.557,117.124,91.29,-0.21,0.1,0.0,75.05,74.95,75.11,74.81999,0.0,74.97,-0.01938009,-0.009180069,0.0,5.0,3.0,2289.0,86.0,0.0,-0.01000977,0.0,14.0,7.5,10.0
138.0,66131.8,52.56094289999999,-1.4909661,75.658,116.855,91.26,-0.23,0.1,0.0,75.11,75.11,75.0,74.92999,0.5,75.08,-0.02958012,0.009180069,0.0,5.0,3.0,2309.0,86.0,0.0,-0.01000977,0.0,14.1,7.5,11.0
138.0,66131.9,52.5609348,-1.4909388,74.538,116.34200000000001,91.24,-0.22,0.1,0.0,75.17,75.05,74.75999,74.61,0.5,75.18,-0.02958012,0.01937985,0.0,5.0,3.0,2307.0,86.0,0.0,-0.2400208,0.0,14.0,7.5,12.0
138.0,66132.0,52.5609268,-1.4909113,74.516,115.82600000000001,91.24,-0.2,0.1,0.0,75.09,74.94,74.86,74.75,-0.1000061,75.07,-0.01938009,0.009180069,0.0,5.0,3.0,2308.0,86.0,0.0,-0.01000977,0.0,14.0,7.5,12.5
138.0,66132.1,52.560919600000005,-1.4908838,73.94,114.48200000000001,91.28,-0.15,0.1,0.0,75.0,74.89999,74.97,74.76999,0.0,74.99,-0.01938009,0.01937985,0.0,5.0,3.0,2292.0,86.0,0.0,-0.01000977,0.0,14.1,7.5,12.5
138.0,66132.2,52.5609126,-1.4908561999999999,73.472,113.646,91.32,-0.11,0.1,0.0,74.94,74.97,75.0,74.81,0.3000183,75.02,-0.01938009,0.01937985,0.0,5.0,3.0,2296.0,86.0,0.0,-0.01000977,0.0,14.0,7.5,12.5
138.0,66132.3,52.560905299999995,-1.4908290000000002,73.357,113.775,91.45,0.02,0.1,0.0,75.03,75.03,74.94,74.70999,0.0,74.93,-0.009180069,0.0,0.0,5.0,3.0,2290.0,86.0,0.0,-0.01000977,0.0,14.0,7.5,12.5
138.0,66132.4,52.560898,-1.4908017999999998,73.238,113.85799999999999,91.58,0.13,0.1,0.0,75.11,75.14,75.00999,74.72,0.0,74.97,-0.01938009,-0.01938009,0.0,5.0,3.0,2306.0,86.0,0.0,-0.01000977,0.0,14.0,7.5,12.5
138.0,66132.5,52.5608912,-1.4907746999999998,72.533,113.02600000000001,91.75,0.26,0.1,0.0,75.14,75.17999,74.91,74.75,0.6000061,75.04,-0.009180069,0.0,0.0,5.0,3.0,2303.0,86.0,0.0,-0.2400208,0.0,14.0,7.5,13.5
138.0,66132.6,52.560882899999996,-1.4907473999999998,73.649,115.03200000000001,91.79,0.27,0.1,0.0,75.28,75.19,74.81999,74.67,0.3999939,75.21,-0.01938009,0.009180069,0.0,5.0,3.0,2315.0,86.0,0.0,-0.01000977,0.0,14.0,7.5,16.0
138.0,66132.7,52.5608753,-1.4907196999999999,73.876,114.515,91.74,0.21,0.1,0.0,75.17999,75.06999,74.97,75.19,0.0,75.14,0.0,0.01937985,0.0,5.0,3.0,2300.0,86.0,0.0,-0.2400208,0.0,14.0,7.5,17.0
138.0,66132.8,52.5608674,-1.4906917,74.58800000000001,114.72200000000001,91.67,0.14,0.1,0.0,75.25,75.11,75.12,75.23,-0.3999939,75.18,0.0,0.01937985,0.0,5.0,3.0,2295.0,86.0,0.0,-0.01000977,0.0,14.1,7.5,17.0
138.0,66132.9,52.560859199999996,-1.4906636999999998,75.265,115.095,91.59,0.07,0.1,0.0,75.25,75.14999,75.42,75.28,-0.5,75.18999000000001,0.0,0.0,0.0,6.0,3.0,2308.0,86.0,0.0,-0.01000977,0.0,14.0,7.5,17.0
138.0,66133.0,52.560851400000004,-1.4906359,74.635,114.897,91.58,0.05,0.1,0.0,75.34999,75.36,75.34999,75.00999,-0.29998779999999997,75.25999,0.0,-0.03978014,0.0,6.0,3.0,2309.0,86.0,0.0,-0.01000977,0.0,14.1,7.5,17.0
138.0,66133.1,52.5608429,-1.4906080000000002,75.388,115.571,91.47,-0.05,0.1,0.0,75.51999,75.50999,75.34999,74.95,0.0,75.43,0.009180069,-0.02958012,0.0,6.0,3.0,2326.0,86.0,0.0,-0.01000977,0.0,14.1,7.5,17.0
138.0,66133.2,52.5608351,-1.49058,75.013,115.025,91.4,-0.09,0.1,0.0,75.61,75.45,75.34999,75.16,-0.1000061,75.57,0.0,-0.009180069,0.0,6.0,3.0,2329.0,86.0,0.0,-0.01000977,0.0,13.9,7.5,17.5
138.0,66133.3,52.5608272,-1.4905521,75.096,114.97,91.39,-0.09,0.1,0.0,75.66,75.62999,75.19,75.05,-0.1000061,75.72,0.0,0.0,0.0,6.0,3.0,2349.0,86.0,0.0,-0.01000977,0.0,14.0,7.5,17.5
138.0,66133.4,52.5608197,-1.4905240999999998,74.76100000000001,114.287,91.35,-0.11,0.1,0.0,75.75,75.62999,75.66,75.53,-0.6000061,75.7,0.0,0.0,0.0,6.0,3.0,2361.0,86.0,0.0,-0.2400208,0.0,14.0,7.5,17.5
138.0,66133.5,52.560811199999996,-1.4904961,75.62899999999999,115.524,91.29,-0.15,0.1,0.0,75.81,75.67,75.83,75.53999,-0.7999878,75.78,0.0,-0.01938009,0.0,6.0,3.0,2377.0,86.0,0.0,-0.01000977,0.0,14.0,7.5,17.5
138.0,66133.6,52.560802800000005,-1.4904682,75.733,115.755,91.2,-0.21,0.1,0.0,75.91,76.0,75.83,75.39999,-0.1999817,75.8,0.0,-0.04997993,0.0,6.0,3.0,2386.0,86.0,0.0,-0.01000977,0.0,14.0,7.5,17.5
138.0,66133.7,52.5607944,-1.4904401999999999,75.805,116.035,91.14,-0.24,0.1,0.0,76.09999,76.19,75.92,75.64,0.1000061,76.08,0.0,-0.009180069,0.0,6.0,3.0,2402.0,86.0,0.0,-0.01000977,0.0,14.0,7.5,18.0
138.0,66133.8,52.5607861,-1.4904123,75.596,115.806,91.07,-0.28,0.1,0.0,76.14,76.12999,75.95999,75.42,-0.1000061,76.12,0.0,0.0,0.0,6.0,3.0,2299.0,86.0,0.0,-0.01000977,0.0,14.0,7.5,18.0
138.0,66133.9,52.56077789999999,-1.4903845,75.40899999999999,115.62200000000001,91.04,-0.28,0.1,0.0,76.16,76.09,76.14999,75.94,-0.6000061,76.12,0.009180069,0.0,0.0,6.0,3.0,2150.0,86.0,0.0,-0.01000977,0.0,14.0,7.5,18.0
138.0,66134.0,52.5607697,-1.4903562,76.316,115.529,90.99,-0.29,0.1,0.0,76.26999,76.16,76.2,75.95,-0.29998779999999997,76.22,0.009180069,-0.009180069,0.0,6.0,3.0,1979.0,86.0,0.0,-0.01000977,0.0,14.0,7.5,18.0
138.0,66134.1,52.5607612,-1.4903282,76.118,116.037,90.96,-0.28,0.1,0.0,76.31999,76.25999,76.25999,75.94,-0.1000061,76.31,0.009180069,-0.01938009,0.0,6.0,3.0,1894.0,86.0,0.0,-0.2400208,0.0,14.0,7.5,18.0
138.0,66134.2,52.5607529,-1.4903001,76.108,115.69200000000001,90.89,-0.32,0.1,0.0,76.5,76.53999,76.34999,76.12,-0.1999817,76.47,0.0,-0.009180069,0.0,6.0,3.0,1907.0,86.0,0.0,-0.01000977,0.0,14.1,7.5,18.0
138.0,66134.3,52.56074460000001,-1.4902720999999999,76.025,115.819,90.84,-0.33,0.1,0.0,76.55,76.53,76.51999,76.25,-0.29998779999999997,76.56,0.009180069,0.0,0.0,6.0,3.0,1908.0,86.0,0.0,-0.01000977,0.0,14.0,7.5,18.0
138.0,66134.4,52.560736199999994,-1.4902437,76.568,115.728,90.81,-0.32,0.1,0.0,76.64999,76.67,76.59999,76.34,-0.1999817,76.55,0.0,-0.009180069,0.0,6.0,3.0,1917.0,86.0,0.0,-0.01000977,0.0,14.0,7.5,18.0
138.0,66134.5,52.5607278,-1.4902155000000001,76.705,115.825,90.75,-0.33,0.1,0.0,76.83,76.81,76.75999,76.34999,-0.29998779999999997,76.84,0.0,-0.01938009,0.0,6.0,3.0,1930.0,86.0,0.0,-0.01000977,0.0,14.0,7.5,18.0
138.0,66134.6,52.560719299999995,-1.4901882,75.2,116.677,90.62,-0.43,0.1,0.0,76.94,76.86,76.73999,76.50999,-0.1999817,76.9,0.0,-0.009180069,0.0,6.0,3.0,1947.0,86.0,0.0,-0.01000977,0.0,14.0,7.5,18.0
138.0,66134.7,52.5607108,-1.4901603,76.0,116.209,90.54,-0.46,0.1,0.0,77.06999,76.98999,76.92,76.67999,-0.29998779999999997,77.00999,0.0,-0.01938009,0.0,6.0,3.0,1937.0,86.0,0.0,-0.01000977,0.0,14.0,7.5,11.0
139.0,66134.8,52.560702299999996,-1.4901324,76.126,116.31200000000001,90.45,-0.51,0.1,0.0,77.09999,77.09,77.03999,76.81,-0.29998779999999997,77.08,0.009180069,0.0,0.0,6.0,3.0,1924.0,86.0,0.0,-0.01000977,0.0,14.0,7.5,8.5
139.0,66134.9,52.5606941,-1.4901041,76.532,115.62899999999999,90.4,-0.51,0.1,0.0,77.19,77.20999,77.09999,76.89,-0.29998779999999997,77.06,0.0,0.0,0.0,6.0,3.0,1923.0,86.0,0.0,-0.01000977,0.0,14.0,7.5,8.0
139.0,66135.0,52.5606861,-1.4900756,76.601,114.803,90.34,-0.51,0.1,0.0,77.26999,77.22,77.22,76.92,-0.29998779999999997,77.13,0.0,-0.009180069,0.0,6.0,3.0,1924.0,85.0,0.0,-0.01000977,0.0,14.0,7.5,7.5
139.0,66135.1,52.5606776,-1.4900473,76.572,115.995,90.3,-0.48,0.1,0.0,77.31999,77.22,77.19,76.89,-0.5,77.32,-0.009180069,-0.009180069,0.0,6.0,3.0,1917.0,85.0,0.0,-0.2400208,0.0,14.0,7.5,2.5
139.0,66135.2,52.560669100000005,-1.490019,76.792,115.86200000000001,90.23,-0.5,0.1,0.0,77.37999,77.23999,77.14999,76.89999,-0.3999939,77.31,-0.009180069,-0.009180069,0.0,6.0,3.0,1925.0,85.0,0.0,-0.01000977,0.0,14.0,7.5,0.0
139.0,66135.3,52.560660500000004,-1.4899905999999998,77.116,116.119,90.17,-0.5,0.1,0.0,77.26999,77.17999,77.2,76.92,-0.29998779999999997,77.29,-0.009180069,-0.02958012,0.0,6.0,3.0,1916.0,85.0,0.0,-0.01000977,0.0,14.1,7.5,0.0
139.0,66135.4,52.56065220000001,-1.4899622,76.87100000000001,115.823,90.13,-0.48,0.1,0.0,77.20999,77.16,77.22,76.97,-0.29998779999999997,77.18,-0.01938009,-0.009180069,0.0,6.0,3.0,1926.0,85.0,0.0,-0.01000977,0.0,14.1,7.5,0.0
139.0,66135.5,52.5606438,-1.4899338,76.68,115.583,90.08,-0.47,0.1,0.0,77.31999,77.23,77.22,76.95999,-0.1999817,77.14,-0.02958012,-0.009180069,0.0,6.0,3.0,1936.0,85.0,0.0,-0.2400208,0.0,14.0,7.5,0.0
139.0,66135.6,52.5606352,-1.4899054,77.17699999999999,116.23299999999999,90.02,-0.47,0.1,0.0,77.28,77.28,77.2,76.92999,-0.1999817,77.18,-0.02958012,-0.01938009,0.0,6.0,3.0,1925.0,85.0,0.0,-0.2400208,0.0,14.1,7.5,0.0
139.0,66135.7,52.56062669999999,-1.4898771999999998,76.828,116.04,89.96,-0.48,0.1,0.0,77.26999,77.12999,77.03999,76.8,-0.6000061,77.23,-0.02958012,-0.009180069,0.0,6.0,3.0,1899.0,85.0,0.0,-0.2400208,0.0,14.0,7.5,0.0
139.0,66135.8,52.5606183,-1.4898489,76.64,115.824,89.92,-0.46,0.1,0.0,77.11,77.08,77.03,76.84,-0.1999817,77.08,-0.03978014,0.0,0.0,6.0,3.0,1884.0,85.0,0.0,-0.01000977,0.0,14.1,7.5,0.0
139.0,66135.9,52.5606099,-1.4898206,76.766,116.045,89.88,-0.45,0.1,0.0,76.98999,76.86,77.05,76.73999,-0.1000061,76.93,-0.03978014,-0.009180069,0.0,6.0,3.0,1874.0,85.0,0.0,-1.429993,0.0,14.0,7.5,0.0
138.0,66136.0,52.5606014,-1.4897923000000002,76.817,116.01100000000001,89.82,-0.45,0.1,0.0,76.89,76.75999,76.89999,76.64999,-0.1999817,76.84,-0.03978014,-0.009180069,0.0,6.0,3.0,1865.0,85.0,0.0,-0.2400208,0.0,14.0,7.5,0.0
138.0,66136.1,52.560593000000004,-1.4897641,76.615,116.08200000000001,89.77,-0.46,0.1,0.0,76.86,76.84999,76.84,76.55,0.0,76.78,-0.04997993,-0.009180069,0.0,6.0,3.0,1896.0,85.0,0.0,-0.01000977,0.0,14.0,7.5,0.0
138.0,66136.2,52.5605845,-1.4897359000000001,76.547,116.088,89.7,-0.47,0.1,0.0,76.78999,76.78,76.67999,76.44,0.0,76.71,-0.04997993,0.0,0.0,6.0,3.0,1905.0,85.0,0.0,-0.01000977,0.0,14.1,7.5,0.0
138.0,66136.3,52.560576100000006,-1.4897078000000001,76.414,116.109,89.64,-0.48,0.1,0.0,76.66,76.62,76.53999,76.23999,0.0,76.7,-0.04997993,0.0,0.0,6.0,3.0,1893.0,85.0,0.0,-0.01000977,0.0,14.1,7.5,0.0
139.0,66136.4,52.5605677,-1.4896797,76.374,116.055,89.59,-0.48,0.1,0.0,76.53,76.53,76.42,76.3,0.0,76.63,-0.04997993,0.0,0.0,6.0,3.0,1875.0,85.0,0.0,-0.2400208,0.0,14.1,7.5,0.0
139.0,66136.5,52.5605593,-1.4896515999999997,76.18,116.059,89.53,-0.49,0.1,0.0,76.47,76.41,76.34,76.14999,0.2000122,76.5,-0.04997993,0.0,0.0,6.0,3.0,1850.0,85.0,0.0,-0.2400208,0.0,14.1,7.5,1.5
139.0,66136.6,52.560550899999996,-1.4896236,76.212,116.139,89.47,-0.5,0.1,0.0,76.36,76.36,76.37,76.12999,0.1000061,76.41,-0.04997993,0.0,0.0,6.0,3.0,1857.0,85.0,0.0,-0.01000977,0.0,14.1,7.5,2.0
139.0,66136.7,52.5605425,-1.4895956000000001,76.118,116.205,89.41,-0.51,0.1,0.0,76.25999,76.3,76.19,76.08,0.1000061,76.32,-0.04997993,0.0,0.0,6.0,3.0,1906.0,85.0,0.0,-0.01000977,0.0,14.1,7.5,2.5
139.0,66136.8,52.5605342,-1.4895676000000002,75.92,115.874,89.36,-0.49,0.1,0.0,76.23,76.28999,76.31999,76.06,0.0,76.21,-0.02958012,0.0,0.0,6.0,3.0,1891.0,85.0,0.0,-0.2400208,0.0,14.0,7.5,2.5
139.0,66136.9,52.5605259,-1.4895394999999998,76.115,115.84,89.31,-0.49,0.1,0.0,76.12,76.12999,76.14,75.87999,0.1000061,76.18999000000001,-0.03978014,0.0,0.0,6.0,3.0,1872.0,85.0,0.0,-0.01000977,0.0,14.0,7.5,2.5
139.0,66137.0,52.5605176,-1.4895114999999999,75.92,115.823,89.24,-0.51,0.1,0.0,76.20999,76.59999,75.95999,75.89,0.3000183,76.34,-0.04997993,0.0,0.0,6.0,3.0,1906.0,85.0,0.0,-0.01000977,0.0,14.1,7.5,4.0
139.0,66137.1,52.5605094,-1.4894836,75.683,115.742,89.19,-0.5,0.1,0.0,76.19,76.31,75.78999,75.28,0.1000061,76.12,-0.03978014,0.0,0.0,6.0,3.0,1906.0,85.0,0.0,-0.01000977,0.0,14.0,7.5,7.0
139.0,66137.2,52.5605011,-1.4894555999999999,75.78399999999999,115.681,89.13,-0.5,0.1,0.0,76.09,76.03,76.06999,76.00999,-0.1000061,76.03,-0.02958012,0.0,0.0,6.0,3.0,1878.0,85.0,0.0,-0.01000977,0.0,14.0,7.5,10.0
139.0,66137.3,52.5604928,-1.4894276,75.877,115.656,89.08,-0.48,0.1,0.0,75.98,76.12,76.09,75.45,0.1000061,76.00999,-0.02958012,-0.04997993,0.0,6.0,3.0,1886.0,85.0,0.0,-0.01000977,0.0,14.0,7.5,10.0
139.0,66137.4,52.5604844,-1.4893995999999998,75.91,115.88600000000001,89.02,-0.49,0.1,0.0,76.09999,76.16,76.01999,75.3,1.0,76.04,-0.02958012,-0.01938009,0.0,6.0,3.0,1896.0,85.0,0.0,-0.01000977,0.0,14.0,7.5,11.0
139.0,66137.5,52.560476200000004,-1.4893717,75.737,115.807,88.95,-0.51,0.1,0.0,76.08,76.28999,75.87999,75.67,1.100006,76.12,-0.02958012,0.009180069,0.0,6.0,3.0,1885.0,85.0,0.0,-0.01000977,0.0,14.1,7.5,12.0
139.0,66137.6,52.5604679,-1.4893438,75.65,115.792,88.89,-0.52,0.1,0.0,76.17999,76.17,76.0,75.73999,0.2000122,76.2,-0.01938009,0.02957988,0.0,6.0,3.0,1893.0,85.0,0.0,-0.01000977,0.0,14.1,7.5,12.5
139.0,66137.7,52.5604599,-1.4893157,75.665,115.243,88.84,-0.51,0.1,0.0,76.16,76.11,76.06999,75.84999,0.0,76.16,-0.009180069,0.02957988,0.0,6.0,3.0,1892.0,85.0,0.0,-0.2400208,0.0,14.0,7.5,12.5
139.0,66137.8,52.5604519,-1.4892876000000002,75.722,115.105,88.8,-0.49,0.1,0.0,76.20999,76.12999,76.06999,75.89999,0.2000122,76.14,-0.009180069,0.0,0.0,6.0,3.0,1890.0,85.0,0.0,-0.2400208,0.0,14.1,7.5,12.5
139.0,66137.9,52.5604438,-1.4892595,75.82300000000001,115.319,88.75,-0.49,0.1,0.0,76.14,76.09,76.09,75.89999,0.6000061,76.13,-0.009180069,0.0,0.0,6.0,3.0,1887.0,85.0,0.0,-0.01000977,0.0,14.0,7.5,10.5
139.0,66138.0,52.5604356,-1.4892314,75.895,115.415,88.69,-0.48,0.1,0.0,76.2,76.25999,76.14999,76.0,0.8000183000000001,76.16,-0.009180069,0.0,0.0,6.0,3.0,1892.0,85.0,0.0,-0.01000977,0.0,14.0,7.5,9.0
139.0,66138.1,52.5604274,-1.4892033,75.949,115.382,88.64,-0.49,0.1,0.0,76.23,76.31,76.14,76.0,0.6000061,76.21,-0.01938009,0.0,0.0,6.0,3.0,1890.0,85.0,0.0,-0.01000977,0.0,14.0,7.5,9.0
139.0,66138.2,52.5604193,-1.4891751000000002,76.01,115.427,88.57,-0.5,0.1,0.0,76.22,76.23999,76.17999,75.94,0.2000122,76.28,-0.009180069,0.009180069,0.0,6.0,3.0,1892.0,85.0,0.0,-0.01000977,0.0,14.0,7.5,9.0
139.0,66138.3,52.5604112,-1.4891469000000002,76.028,115.194,88.52,-0.5,0.1,0.0,76.25,76.26999,76.2,75.94,0.2000122,76.28,-0.01938009,0.009180069,0.0,6.0,3.0,1898.0,85.0,0.0,-0.2400208,0.0,14.1,7.5,9.0
139.0,66138.4,52.5604031,-1.4891187,76.046,115.12100000000001,88.46,-0.5,0.1,0.0,76.33,76.25999,76.12999,76.00999,-0.1000061,76.32,-0.01938009,0.0,0.0,6.0,3.0,1892.0,85.0,0.0,-0.01000977,0.0,14.0,7.5,2.0
139.0,66138.5,52.560395,-1.4890906,75.888,114.985,88.4,-0.5,0.1,0.0,76.34,76.26999,76.05,75.98,-0.1999817,76.32,-0.01938009,-0.009180069,0.0,6.0,3.0,1889.0,85.0,0.0,-0.01000977,0.0,14.0,7.5,0.0
139.0,66138.6,52.560387,-1.4890624000000001,75.881,115.053,88.34,-0.5,0.1,0.0,76.26999,76.25,76.25,76.00999,-0.1000061,76.31,-0.02958012,-0.01938009,0.0,6.0,3.0,1900.0,85.0,0.0,-0.01000977,0.0,14.1,7.5,0.0
139.0,66138.7,52.5603789,-1.4890341999999999,75.877,115.04,88.29,-0.49,0.1,0.0,76.31999,76.17,76.14999,75.89999,-0.1999817,76.16,-0.01938009,-0.01938009,0.0,6.0,3.0,1884.0,85.0,0.0,-0.01000977,0.0,14.0,7.5,0.0
139.0,66138.8,52.5603708,-1.489006,75.956,115.081,88.25,-0.48,0.1,0.0,76.33,76.25,76.23,76.00999,-0.8999939,76.15,-0.02958012,-0.02958012,0.0,6.0,3.0,1896.0,85.0,0.0,-0.01000977,0.0,14.0,7.5,0.0
139.0,66138.9,52.5603628,-1.4889778,75.83,114.89200000000001,88.19,-0.48,0.1,0.0,76.34,76.14,76.14,75.81999,-1.399994,76.22,-0.02958012,-0.03978014,0.0,6.0,3.0,1894.0,85.0,0.0,-0.2400208,0.0,14.1,7.5,2.0
138.0,66139.0,52.5603548,-1.4889496000000002,75.733,114.836,88.15,-0.47,0.1,0.0,76.3,76.0,76.14999,75.69,-1.6999819999999999,76.21,-0.03978014,-0.03978014,0.0,6.0,3.0,1891.0,85.0,0.0,-0.01000977,0.0,14.1,7.5,5.0
138.0,66139.1,52.5603468,-1.4889216,75.557,115.15100000000001,88.12,-0.44,0.1,0.0,76.11,75.87999,75.94,75.70999,-1.5,76.06,-0.02958012,-0.05915999,0.0,6.0,3.0,1895.0,85.0,0.0,-0.2400208,0.0,14.0,7.5,5.5
138.0,66139.2,52.560338699999996,-1.4888934,75.859,115.18700000000001,88.09,-0.42,0.1,0.0,76.03999,75.78999,75.95,75.61,-1.299988,75.95,-0.02958012,-0.06936002,0.0,6.0,3.0,1884.0,85.0,0.0,-0.01000977,0.0,14.0,7.5,5.5
138.0,66139.3,52.5603306,-1.4888655,75.546,115.335,88.05,-0.41,0.1,0.0,75.95,75.83,75.92999,75.50999,-1.0,75.93,-0.03978014,-0.06936002,0.0,6.0,3.0,1880.0,85.0,0.0,-0.01000977,0.0,14.0,7.5,5.5
138.0,66139.4,52.5603223,-1.4888376,75.438,115.86,88.01,-0.41,0.1,0.0,75.97,75.86,75.94,75.51999,-1.1999819999999999,75.82,-0.03978014,-0.05915999,0.0,6.0,3.0,1879.0,85.0,0.0,-0.2400208,0.0,14.0,7.5,5.5
138.0,66139.5,52.56031399999999,-1.4888097,75.76899999999999,115.764,87.95,-0.43,0.1,0.0,75.91,75.81,75.81,75.50999,-1.0,75.84,-0.03978014,-0.04997993,0.0,6.0,3.0,1889.0,85.0,0.0,-0.01000977,0.0,14.0,7.5,5.5
138.0,66139.6,52.560306,-1.4887817999999997,75.452,115.396,87.88,-0.46,0.1,0.0,75.81999,75.72,75.84,75.39999,-0.6999816999999999,75.81,-0.03978014,-0.03978014,0.0,6.0,3.0,1882.0,85.0,0.0,-0.01000977,0.0,14.1,7.5,5.5
138.0,66139.7,52.5602976,-1.4887540000000001,75.316,116.307,87.85,-0.42,0.1,0.0,75.83,75.64999,75.69,75.31999,-0.6999816999999999,75.75,-0.02958012,-0.03978014,0.0,6.0,3.0,1884.0,85.0,0.0,-0.01000977,0.0,14.0,7.5,5.5
138.0,66139.8,52.56028919999999,-1.4887261999999999,75.568,116.243,87.8,-0.43,0.1,0.0,75.73999,75.56999,75.59,75.34,-0.5,75.68,-0.02958012,-0.02958012,0.0,6.0,3.0,1882.0,85.0,0.0,-0.01000977,0.0,14.0,7.5,5.5
138.0,66139.9,52.560281,-1.4886985000000001,75.172,116.045,87.78,-0.4,0.1,0.0,75.59999,75.47,75.53999,75.25,-0.5,75.58,-0.02958012,-0.01938009,0.0,6.0,3.0,1869.0,85.0,0.0,-0.01000977,0.0,14.0,7.5,7.0
138.0,66140.0,52.5602726,-1.4886708,75.308,116.311,87.75,-0.38,0.1,0.0,75.5,75.5,75.51999,75.17999,-0.3999939,75.59,-0.02958012,-0.009180069,0.0,6.0,3.0,1877.0,85.0,0.0,-0.01000977,0.0,14.1,7.5,9.0
138.0,66140.1,52.5602644,-1.4886431,75.204,116.055,87.71,-0.37,0.1,0.0,75.5,75.48999,75.50999,75.2,0.0,75.43,-0.02958012,0.0,0.0,6.0,3.0,1867.0,85.0,0.0,-0.01000977,0.0,14.0,7.5,10.5
138.0,66140.2,52.5602561,-1.4886155,75.006,116.073,87.69,-0.34,0.1,0.0,75.48999,75.5,75.37,75.20999,0.0,75.43999000000001,-0.02958012,0.0,0.0,6.0,3.0,1880.0,85.0,0.0,-0.2400208,0.0,14.0,7.5,12.0
138.0,66140.3,52.5602478,-1.4885879,75.168,116.335,87.64,-0.36,0.1,0.0,75.48,75.28,75.45999,75.09999,0.1000061,75.43,-0.01938009,0.0,0.0,6.0,3.0,1876.0,85.0,0.0,-0.01000977,0.0,14.1,7.5,12.0
138.0,66140.4,52.5602396,-1.4885602,75.089,116.111,87.62,-0.34,0.1,0.0,75.41,75.31,75.34999,74.98,-0.1000061,75.49,-0.009180069,-0.01938009,0.0,6.0,3.0,1874.0,85.0,0.0,-0.01000977,0.0,14.0,7.5,12.0
138.0,66140.5,52.5602312,-1.4885326,75.215,116.281,87.58,-0.34,0.1,0.0,75.50999,75.47,75.25999,75.16,0.0,75.57,-0.01938009,0.0,0.0,6.0,3.0,1885.0,85.0,0.0,-0.01000977,0.0,14.0,7.5,12.5
138.0,66140.6,52.5602229,-1.488505,75.046,116.29,87.54,-0.33,0.1,0.0,75.36,75.31999,75.23,75.00999,0.0,75.41,-0.009180069,0.0,0.0,6.0,3.0,1871.0,85.0,0.0,-0.01000977,0.0,14.0,7.5,12.5
139.0,66140.7,52.560214699999996,-1.4884774,74.977,116.053,87.52,-0.31,0.1,0.0,75.42999,75.39,75.37999,75.14999,-0.1000061,75.33,-0.009180069,0.009180069,0.0,6.0,3.0,1865.0,85.0,0.0,-0.01000977,0.0,14.0,7.5,12.5
139.0,66140.8,52.560206300000004,-1.4884496999999999,75.29,116.25200000000001,87.5,-0.29,0.1,0.0,75.48999,75.47,75.34,75.14999,0.1000061,75.38,-0.009180069,0.0,0.0,6.0,3.0,1873.0,85.0,0.0,-0.01000977,0.0,14.1,7.5,12.5
139.0,66140.9,52.5601979,-1.4884221000000002,75.082,116.17399999999999,87.46,-0.29,0.1,0.0,75.5,75.50999,75.36,75.19,0.1000061,75.48,-0.009180069,0.0,0.0,6.0,3.0,1876.0,85.0,0.0,-0.2400208,0.0,14.0,7.5,12.5
139.0,66141.0,52.5601897,-1.4883944999999998,75.125,115.86200000000001,87.4,-0.32,0.1,0.0,75.42999,75.42,75.26999,75.12,0.2000122,75.53,-0.009180069,0.009180069,0.0,6.0,3.0,1871.0,85.0,0.0,-0.01000977,0.0,14.0,7.5,12.5
139.0,66141.1,52.5601815,-1.4883668,75.157,115.745,87.35,-0.34,0.1,0.0,75.47,75.41,75.47,75.2,0.0,75.42,-0.009180069,0.0,0.0,6.0,3.0,1878.0,85.0,0.0,-0.01000977,0.0,14.0,7.5,12.5
139.0,66141.2,52.5601733,-1.4883391,75.078,115.99700000000001,87.33,-0.31,0.1,0.0,75.45,75.41,75.36,75.09,0.0,75.43,-0.009180069,0.0,0.0,6.0,3.0,1877.0,85.0,0.0,-0.01000977,0.0,14.1,7.5,12.5
139.0,66141.3,52.560165,-1.4883114,75.222,115.84899999999999,87.28,-0.33,0.1,0.0,75.48999,75.45,75.31999,75.2,0.1000061,75.54,-0.009180069,0.0,0.0,6.0,3.0,1880.0,85.0,0.0,-0.01000977,0.0,14.0,7.5,12.5
139.0,66141.4,52.560156799999994,-1.4882837,75.1,115.99700000000001,87.25,-0.33,0.1,0.0,75.48,75.50999,75.28999,75.08,0.2000122,75.54,-0.009180069,0.0,0.0,6.0,3.0,1878.0,85.0,0.0,-0.01000977,0.0,14.0,7.5,13.0
139.0,66141.5,52.5601485,-1.4882561,75.139,116.027,87.22,-0.31,0.1,0.0,75.53,75.56,75.45999,75.19,0.2000122,75.49,-0.009180069,0.0,0.0,6.0,3.0,1872.0,85.0,0.0,-0.01000977,0.0,14.0,7.5,14.5
139.0,66141.6,52.5601402,-1.4882284000000001,75.197,115.93799999999999,87.19,-0.3,0.1,0.0,75.51999,75.58,75.48999,75.34999,0.0,75.50999,0.0,0.0,0.0,6.0,3.0,1874.0,85.0,0.0,-0.2400208,0.0,14.0,7.5,15.5
139.0,66141.7,52.5601319,-1.4882007000000002,75.186,115.865,87.16,-0.29,0.1,0.0,75.53,75.53999,75.45999,75.3,0.1000061,75.55,-0.009180069,0.0,0.0,6.0,3.0,1876.0,85.0,0.0,-0.01000977,0.0,14.0,7.5,16.0
139.0,66141.8,52.5601237,-1.488173,75.182,115.803,87.12,-0.28,0.1,0.0,75.62999,75.58,75.48999,75.3,0.2000122,75.57,0.0,0.0,0.0,6.0,3.0,1870.0,85.0,0.0,-0.01000977,0.0,14.0,7.5,16.0
139.0,66141.9,52.560115399999994,-1.4881452000000002,75.334,115.917,87.1,-0.27,0.1,0.0,75.7,75.67,75.45999,75.23999,0.1000061,75.68,0.0,-0.009180069,0.0,6.0,3.0,1885.0,85.0,0.0,-0.01000977,0.0,14.0,7.5,16.0
139.0,66142.0,52.5601072,-1.4881175,75.24,115.766,87.06,-0.28,0.1,0.0,75.7,75.66,75.48999,75.34999,0.1000061,75.67,0.0,0.0,0.0,6.0,3.0,1884.0,85.0,0.0,-0.2400208,0.0,14.0,7.5,16.0
139.0,66142.1,52.5600989,-1.4880897,75.402,115.92399999999999,87.04,-0.26,0.1,0.0,75.70999,75.7,75.59,75.42,0.2000122,75.71,0.0,0.0,0.0,6.0,3.0,1885.0,85.0,0.0,-0.2400208,0.0,14.0,7.5,16.0
139.0,66142.2,52.5600907,-1.4880619000000002,75.26899999999999,115.685,87.03,-0.23,0.1,0.0,75.8,75.78999,75.69,75.41,0.1000061,75.74,0.0,0.0,0.0,6.0,3.0,1877.0,85.0,0.0,-0.2400208,0.0,14.0,7.5,16.0
139.0,66142.3,52.5600825,-1.4880341,75.452,115.66,87.0,-0.23,0.1,0.0,75.87999,75.86,75.75999,75.59,0.2000122,75.79,0.0,0.0,0.0,6.0,3.0,1878.0,85.0,0.0,-0.01000977,0.0,14.0,7.5,16.0
139.0,66142.4,52.5600741,-1.4880062,75.632,115.958,86.96,-0.24,0.1,0.0,75.89999,75.89999,75.75999,75.59,0.1000061,75.89,0.0,0.0,0.0,6.0,3.0,1881.0,85.0,0.0,-0.01000977,0.0,14.1,7.5,16.0
139.0,66142.5,52.5600659,-1.4879782999999998,75.6,115.67200000000001,86.93,-0.23,0.1,0.0,75.94,75.92,75.78999,75.59999,-0.1000061,75.93999000000001,0.0,0.0,0.0,6.0,3.0,1881.0,85.0,0.0,-0.2400208,0.0,14.0,7.5,16.0
139.0,66142.6,52.5600577,-1.4879504,75.625,115.509,86.9,-0.23,0.1,0.0,75.92999,75.94,75.81999,75.56,0.2000122,75.93,0.0,0.0,0.0,6.0,3.0,1888.0,85.0,0.0,-0.01000977,0.0,14.1,7.5,16.0
138.0,66142.7,52.5600495,-1.4879225,75.6,115.677,86.88,-0.23,0.1,0.0,75.92,75.97,75.87,75.7,0.2000122,75.99,0.0,0.0,0.0,6.0,3.0,1893.0,85.0,0.0,-0.2400208,0.0,14.1,7.5,16.0
138.0,66142.8,52.5600412,-1.4878945,75.812,115.736,86.85,-0.23,0.1,0.0,76.00999,76.03999,75.95,75.7,0.1000061,76.02,0.0,0.0,0.0,6.0,3.0,1890.0,85.0,0.0,-0.01000977,0.0,14.0,7.5,16.0
138.0,66142.9,52.560032899999996,-1.4878665,75.928,115.971,86.85,-0.19,0.1,0.0,76.09,76.12999,76.0,75.75,0.1000061,76.00999,0.0,0.0,0.0,6.0,3.0,1885.0,85.0,0.0,-0.01000977,0.0,14.0,7.5,16.0
138.0,66143.0,52.5600249,-1.4878384999999998,75.607,115.229,86.81,-0.21,0.1,0.0,76.08,76.08,76.03,75.83,0.1000061,76.05,0.0,0.0,0.0,6.0,3.0,1885.0,85.0,0.0,-0.01000977,0.0,14.0,7.5,14.5
138.0,66143.1,52.560016600000004,-1.4878104,75.97399999999999,115.639,86.78,-0.21,0.1,0.0,76.06,75.92,76.03,75.83,0.1000061,76.07,0.0,0.0,0.0,6.0,3.0,1885.0,84.0,0.0,-0.01000977,0.0,14.0,7.5,13.0
138.0,66143.2,52.56000830000001,-1.4877824,75.938,115.65799999999999,86.77,-0.19,0.1,0.0,76.23,76.16,76.0,75.84999,0.1000061,76.21,0.0,-0.009180069,0.0,6.0,3.0,1895.0,84.0,0.0,-0.01000977,0.0,14.0,7.5,12.5
138.0,66143.3,52.560000099999996,-1.4877544,75.87,115.572,86.72,-0.24,0.1,0.0,76.25,76.16,75.97,75.76999,-0.1999817,76.25999,0.0,-0.009180069,0.0,6.0,3.0,1893.0,85.0,0.0,-0.01000977,0.0,14.0,7.5,12.0
138.0,66143.4,52.559991999999994,-1.4877262,75.913,115.085,86.71,-0.21,0.1,0.0,76.26999,76.25999,76.09999,75.86,-0.29998779999999997,76.32,-0.009180069,-0.01938009,0.0,6.0,3.0,1898.0,84.0,0.0,-0.01000977,0.0,14.1,7.5,12.0
138.0,66143.5,52.5599836,-1.4876982,75.902,115.788,86.68,-0.21,0.1,0.0,76.33,76.26999,76.25,75.84,-0.1000061,76.23,-0.009180069,-0.02958012,0.0,6.0,3.0,1899.0,85.0,0.0,-0.01000977,0.0,14.0,7.5,12.0
138.0,66143.6,52.5599754,-1.4876702,75.874,115.67,86.67,-0.19,0.1,0.0,76.12999,76.14999,76.28,75.95,-0.1999817,76.13,0.0,-0.01938009,0.0,6.0,3.0,1885.0,84.0,0.0,-0.2400208,0.0,14.1,7.5,11.0
138.0,66143.7,52.559967300000004,-1.4876421,75.812,115.333,86.65,-0.18,0.1,0.0,76.12999,76.08,76.20999,75.98999,-0.29998779999999997,76.13,-0.009180069,-0.01938009,0.0,6.0,3.0,1886.0,84.0,0.0,-0.01000977,0.0,14.1,7.5,5.0
138.0,66143.8,52.5599592,-1.487614,75.83,115.273,86.64,-0.16,0.1,0.0,76.19,76.05,76.06999,75.81,-0.5,76.13,-0.009180069,-0.01938009,0.0,6.0,3.0,1892.0,85.0,0.0,-0.01000977,0.0,14.0,7.5,3.0
138.0,66143.9,52.5599509,-1.4875859,76.007,115.53399999999999,86.61,-0.18,0.1,0.0,76.17999,76.08,75.92,75.67999,-0.5,76.13,-0.009180069,-0.02958012,0.0,6.0,3.0,1894.0,84.0,0.0,-0.01000977,0.0,14.0,7.5,3.0
138.0,66144.0,52.5599428,-1.4875580000000002,75.46300000000001,115.429,86.59,-0.17,0.1,0.0,76.09,75.94,75.91,75.67,-0.29998779999999997,76.05,-0.01938009,-0.02958012,0.0,6.0,3.0,1888.0,84.0,0.0,-0.01000977,0.0,14.1,7.5,3.0
138.0,66144.1,52.559934600000005,-1.48753,75.834,115.49600000000001,86.57,-0.17,0.1,0.0,75.98,75.95,75.89,75.72,-0.29998779999999997,76.0,-0.01938009,-0.01938009,0.0,6.0,3.0,1891.0,84.0,0.0,-0.01000977,0.0,14.0,7.5,3.0
138.0,66144.2,52.5599264,-1.4875021,75.47399999999999,115.50299999999999,86.55,-0.16,0.1,0.0,75.94,75.87999,75.92,75.58,-0.29998779999999997,75.88,-0.01938009,-0.01938009,0.0,6.0,3.0,1880.0,84.0,0.0,-0.01000977,0.0,14.0,7.5,3.0
138.0,66144.3,52.5599182,-1.4874742,75.488,115.555,86.54,-0.14,0.1,0.0,75.75,75.67999,75.78999,75.56999,-0.29998779999999997,75.73,-0.01938009,-0.01938009,0.0,6.0,3.0,1873.0,84.0,0.0,-0.01000977,0.0,14.1,7.5,3.0
138.0,66144.4,52.5599099,-1.4874461,75.809,115.74799999999999,86.53,-0.12,0.1,0.0,75.69,75.84999,75.70999,75.45999,-0.29998779999999997,75.68999000000001,-0.02958012,-0.01938009,0.0,6.0,3.0,1873.0,84.0,0.0,-0.01000977,0.0,14.1,7.5,3.0
138.0,66144.5,52.5599017,-1.4874183,75.445,115.585,86.51,-0.14,0.1,0.0,75.75999,75.58,75.62,75.12999,-0.3999939,75.67,-0.02958012,-0.02958012,0.0,6.0,3.0,1871.0,84.0,0.0,-0.01000977,0.0,14.0,7.5,3.0
138.0,66144.6,52.559893699999996,-1.4873905,75.089,115.43299999999999,86.49,-0.15,0.1,0.0,75.61,75.5,75.48999,75.25,-0.6000061,75.59,-0.02958012,-0.02958012,0.0,6.0,3.0,1861.0,84.0,0.0,-0.01000977,0.0,14.0,7.5,3.5
138.0,66144.7,52.5598855,-1.4873626999999998,75.308,115.581,86.48,-0.13,0.1,0.0,75.09999,75.23999,75.26999,75.17,-0.6000061,75.4,-0.02958012,-0.01938009,0.0,6.0,3.0,1885.0,84.0,0.0,-0.01000977,0.0,14.1,7.5,3.5
138.0,66144.8,52.559877300000004,-1.4873349,75.32300000000001,115.745,86.45,-0.14,0.1,0.0,75.58,75.2,76.34,75.14,-0.5,75.25999,-0.03978014,-0.02958012,0.0,6.0,3.0,1881.0,84.0,0.0,-0.01000977,0.0,14.1,7.5,2.0
138.0,66144.9,52.5598692,-1.4873071999999998,74.891,115.605,86.44,-0.13,0.1,0.0,75.31,75.31,75.33,74.89999,0.3999939,75.18999000000001,-0.03978014,-0.03978014,0.0,6.0,3.0,1855.0,84.0,0.0,-0.01000977,0.0,14.1,7.5,2.0
138.0,66145.0,52.559861,-1.4872796999999998,74.77600000000001,115.98700000000001,86.41,-0.15,0.1,0.0,75.08,75.14,75.01999,74.86,0.6000061,75.09,-0.03978014,-0.009180069,0.0,6.0,3.0,1873.0,84.0,0.0,-0.01000977,0.0,14.0,7.5,2.0
138.0,66145.1,52.5598528,-1.4872520999999999,74.88,115.965,86.4,-0.14,0.1,0.0,74.95999,74.95999,74.94,74.75999,0.2000122,75.02,-0.03978014,0.0,0.0,6.0,3.0,1857.0,84.0,0.0,-0.01000977,0.0,14.0,7.5,2.0
138.0,66145.2,52.559844600000005,-1.4872245,74.822,115.84,86.39,-0.12,0.1,0.0,74.86,74.8,74.84999,74.64999,0.0,74.88,-0.03978014,0.0,0.0,6.0,3.0,1845.0,84.0,0.0,-0.01000977,0.0,14.0,7.5,2.0
138.0,66145.3,52.559836499999996,-1.4871969999999999,74.563,115.759,86.37,-0.13,0.1,0.0,74.78,74.64999,74.64999,74.48,-0.1000061,74.82,-0.03978014,-0.009180069,0.0,6.0,3.0,1871.0,84.0,0.0,-0.01000977,0.0,14.1,7.5,6.5
138.0,66145.4,52.5598285,-1.4871695,74.336,115.565,86.35,-0.13,0.1,0.0,74.64999,74.59999,74.48999,74.26999,0.0,74.68999000000001,-0.02958012,0.0,0.0,6.0,3.0,1839.0,84.0,0.0,-0.01000977,0.0,14.0,7.5,8.5
138.0,66145.5,52.5598204,-1.4871421,74.369,115.76700000000001,86.33,-0.14,0.1,0.0,74.55,74.53999,74.53,74.23,0.0,74.53,-0.02958012,-0.009180069,0.0,6.0,3.0,1861.0,84.0,0.0,-0.01000977,0.0,14.0,7.5,8.5
138.0,66145.6,52.5598123,-1.4871146999999998,74.38,115.73200000000001,86.31,-0.14,0.1,0.0,74.55,74.45999,74.48999,74.28999,0.1000061,74.52,-0.01938009,-0.009180069,0.0,6.0,3.0,1853.0,84.0,0.0,-0.01000977,0.0,14.0,7.5,8.5
138.0,66145.7,52.559804299999996,-1.4870873,74.059,115.709,86.3,-0.13,0.1,0.0,74.44,74.5,74.39,74.09,0.1000061,74.42,-0.01938009,0.0,0.0,6.0,3.0,1849.0,84.0,0.0,-0.01000977,0.0,14.0,7.5,8.5
138.0,66145.8,52.5597963,-1.4870598999999998,74.149,115.449,86.28,-0.13,0.1,0.0,74.48999,74.44,74.34,74.09999,0.1000061,74.43,-0.02958012,-0.009180069,0.0,6.0,3.0,1854.0,84.0,0.0,-0.01000977,0.0,14.0,7.5,8.5
137.0,66145.9,52.5597883,-1.4870325000000002,74.012,115.55799999999999,86.28,-0.12,0.1,0.0,74.28999,74.25,74.23999,74.06,-0.29998779999999997,74.33,-0.01938009,-0.01938009,0.0,6.0,3.0,1841.0,84.0,0.0,-0.2400208,0.0,14.1,7.5,8.5
137.0,66146.0,52.55978029999999,-1.4870051999999998,74.03399999999999,115.684,86.26,-0.13,0.1,0.0,74.31999,74.20999,74.25999,74.03999,-0.1999817,74.27,-0.01938009,-0.01938009,0.0,6.0,3.0,1845.0,84.0,0.0,-0.01000977,0.0,14.0,7.5,8.5
137.0,66146.1,52.5597723,-1.4869778000000002,74.2,115.729,86.24,-0.14,0.1,0.0,74.28999,74.12999,74.14,73.75999,-0.1999817,74.28,-0.01938009,-0.01938009,0.0,6.0,3.0,1841.0,84.0,0.0,-0.01000977,0.0,14.0,7.5,9.0
137.0,66146.2,52.5597643,-1.4869506,73.699,115.7,86.23,-0.12,0.1,0.0,74.12,74.03,74.03999,73.73999,-0.29998779999999997,74.15,-0.01938009,-0.01938009,0.0,6.0,3.0,1845.0,84.0,0.0,-0.01000977,0.0,14.0,7.5,9.0
137.0,66146.3,52.5597562,-1.4869233,74.056,115.87,86.22,-0.13,0.1,0.0,74.12999,74.06999,74.14999,73.86,-0.1999817,74.07,-0.01938009,-0.01938009,0.0,6.0,3.0,1836.0,84.0,0.0,-0.2400208,0.0,14.0,7.5,9.0
137.0,66146.4,52.55974820000001,-1.4868961,73.706,115.65899999999999,86.22,-0.1,0.1,0.0,74.11,74.00999,73.91,73.66,-0.29998779999999997,74.05,-0.01938009,-0.01938009,0.0,6.0,3.0,1833.0,84.0,0.0,-0.01000977,0.0,14.1,7.5,9.0
137.0,66146.5,52.5597402,-1.4868689,73.667,115.815,86.2,-0.12,0.1,0.0,74.11,74.06,74.00999,73.7,-0.29998779999999997,74.02,-0.01938009,-0.009180069,0.0,6.0,3.0,1834.0,84.0,0.0,-0.01000977,0.0,14.1,7.5,9.0
137.0,66146.6,52.55973229999999,-1.4868417,73.692,115.59,86.19,-0.11,0.1,0.0,74.0,73.91,73.91,73.64999,-0.29998779999999997,74.02,-0.01938009,-0.009180069,0.0,6.0,3.0,1840.0,84.0,0.0,-0.48001099999999997,0.0,14.0,7.5,9.0
137.0,66146.7,52.55972429999999,-1.4868145,73.559,115.786,86.2,-0.08,0.1,0.0,73.97,73.86,73.87,73.67,-0.1000061,73.96,-0.01938009,0.0,0.0,6.0,3.0,1830.0,84.0,0.0,-0.01000977,0.0,14.0,7.5,9.5
137.0,66146.8,52.5597165,-1.4867873,73.454,115.281,86.19,-0.07,0.1,0.0,73.87,73.8,73.81999,73.67,-0.1999817,73.9,-0.01938009,0.0,0.0,6.0,3.0,1828.0,84.0,0.0,-0.01000977,0.0,13.9,7.5,11.5
137.0,66146.9,52.559708500000006,-1.48676,73.74600000000001,115.59200000000001,86.17,-0.09,0.1,0.0,73.84,73.8,73.72,73.58,0.0,73.85,-0.01938009,0.0,0.0,6.0,3.0,1836.0,84.0,0.0,-0.2400208,0.0,14.0,7.5,12.0
137.0,66147.0,52.5597004,-1.486733,73.37899999999999,115.912,86.17,-0.08,0.1,0.0,73.8,73.78,73.69,73.53,0.0,73.79,-0.009180069,0.0,0.0,6.0,3.0,1828.0,84.0,0.0,-0.01000977,0.0,14.0,7.5,12.0
136.0,66147.1,52.5596925,-1.4867058,73.541,115.66799999999999,86.15,-0.08,0.1,0.0,73.76999,73.70999,73.64999,73.39999,0.1000061,73.77,-0.009180069,0.0,0.0,6.0,3.0,1828.0,84.0,0.0,-0.01000977,0.0,14.0,7.5,12.0
136.0,66147.2,52.5596846,-1.4866788,73.343,115.78,86.14,-0.08,0.1,0.0,73.73999,73.75,73.56,73.39999,0.1000061,73.74,-0.009180069,0.0,0.0,6.0,3.0,1831.0,84.0,0.0,-0.01000977,0.0,14.1,7.5,12.0
136.0,66147.3,52.5596767,-1.4866515999999999,73.415,115.505,86.13,-0.09,0.1,0.0,73.81,73.75999,73.70999,73.44,0.1000061,73.73,-0.009180069,-0.009180069,0.0,6.0,3.0,1837.0,84.0,0.0,-0.2400208,0.0,14.1,7.5,12.0
136.0,66147.4,52.559669,-1.4866245999999999,72.932,115.10799999999999,86.12,-0.09,0.1,0.0,73.69,73.72,73.50999,73.44,0.0,73.67,-0.009180069,0.0,0.0,6.0,3.0,1830.0,84.0,0.0,-0.01000977,0.0,14.1,7.5,14.5
136.0,66147.5,52.559661000000006,-1.4865974999999998,73.368,115.48700000000001,86.09,-0.11,0.1,0.0,73.72,73.66,73.67999,73.31,-0.1999817,73.68999000000001,-0.009180069,0.0,0.0,6.0,3.0,1829.0,84.0,0.0,-0.01000977,0.0,14.0,7.5,17.5
136.0,66147.6,52.559653600000004,-1.4865703000000001,72.76,114.29299999999999,86.05,-0.15,0.1,0.0,73.81,73.72,73.51999,73.3,-0.5,73.7,-0.009180069,-0.009180069,0.0,6.0,3.0,1838.0,84.0,0.0,-0.01000977,0.0,14.0,7.5,19.0
136.0,66147.7,52.559646300000004,-1.4865433000000001,72.385,114.046,86.01,-0.18,0.1,0.0,73.81999,73.64999,73.67,73.44,-0.6999816999999999,73.7,0.0,-0.02958012,0.0,6.0,3.0,1837.0,84.0,0.0,-0.2400208,0.0,14.0,7.5,20.0
136.0,66147.8,52.5596386,-1.4865164,72.292,114.641,85.97,-0.21,0.1,0.0,73.75999,73.62,73.59999,73.39999,-0.5,73.66,0.0,-0.02958012,0.0,6.0,3.0,1840.0,84.0,0.0,-0.01000977,0.0,14.0,7.5,20.0
135.0,66147.9,52.559630500000004,-1.4864893,73.523,115.78299999999999,85.95,-0.2,0.1,0.0,73.84999,73.7,73.67999,73.44,-0.5,73.75,0.0,-0.03978014,0.0,6.0,3.0,1839.0,84.0,0.0,-0.2400208,0.0,14.0,7.5,20.5
135.0,66148.0,52.5596226,-1.486462,73.487,115.46600000000001,85.96,-0.16,0.1,0.0,73.89999,73.67,73.64,73.37,-0.5,73.74,0.0,-0.01938009,0.0,6.0,3.0,1839.0,84.0,0.0,-0.2400208,0.0,14.0,7.5,20.5
135.0,66148.1,52.559614499999995,-1.4864351000000002,73.282,116.072,85.94,-0.17,0.1,0.0,74.09,74.09,73.78999,73.45999,-0.5,73.83,0.009180069,-0.02958012,0.0,6.0,3.0,1846.0,84.0,0.0,-0.01000977,0.0,14.0,7.5,20.5
135.0,66148.2,52.5596064,-1.4864079,73.688,116.113,85.92,-0.17,0.1,0.0,74.14999,74.16,74.08,73.95999,-0.3999939,73.93999000000001,0.01937985,0.0,0.0,6.0,3.0,1858.0,84.0,0.0,-0.01000977,0.0,14.0,7.5,21.0
135.0,66148.3,52.5595984,-1.4863807999999998,73.523,115.89399999999999,85.93,-0.14,0.1,0.0,74.17999,74.14,74.42,73.95999,-0.6999816999999999,74.01,0.03977990000000001,-0.01938009,0.0,6.0,3.0,1858.0,84.0,0.0,-0.01000977,0.0,14.0,7.5,21.0
135.0,66148.4,52.5595902,-1.4863534999999999,74.16,116.001,85.92,-0.14,0.1,0.0,74.34,74.28999,74.25,73.94,-0.6999816999999999,74.26,0.02957988,-0.01938009,0.0,6.0,3.0,1864.0,84.0,0.0,-0.01000977,0.0,14.0,7.5,21.0
136.0,66148.5,52.55958210000001,-1.4863262,74.124,116.10700000000001,85.9,-0.14,0.1,0.0,74.59,74.48999,74.37,74.06,-0.29998779999999997,74.51,0.01937985,-0.02958012,0.0,6.0,3.0,1880.0,84.0,0.0,-0.01000977,0.0,14.0,7.5,21.0
136.0,66148.6,52.5595741,-1.4862989,73.84,115.684,85.88,-0.15,0.1,0.0,74.64,74.59999,74.39999,74.25999,-0.3999939,74.63,0.01937985,-0.01938009,0.0,6.0,3.0,1887.0,84.0,0.0,-0.01000977,0.0,14.1,7.5,21.0
136.0,66148.7,52.559566000000004,-1.4862715000000002,74.232,115.897,85.86,-0.15,0.1,0.0,74.73,74.62,74.59999,74.44,-0.5,74.68999000000001,0.02957988,-0.01938009,0.0,6.0,3.0,1901.0,84.0,0.0,-0.01000977,0.0,14.0,7.5,21.0
136.0,66148.8,52.5595578,-1.4862442000000002,74.333,116.06,85.83,-0.16,0.1,0.0,74.81,74.72,74.69,74.39,-0.5,74.75,0.02957988,-0.01938009,0.0,6.0,3.0,1913.0,84.0,0.0,-0.01000977,0.0,14.0,7.5,20.0
137.0,66148.9,52.559549700000005,-1.4862165999999999,74.596,115.735,85.84,-0.13,0.1,0.0,74.98999,74.87999,74.84,74.48999,-0.3999939,74.88,0.01937985,-0.02958012,0.0,6.0,3.0,1912.0,84.0,0.0,-0.01000977,0.0,14.0,7.5,16.0
137.0,66149.0,52.55954139999999,-1.4861894,74.21,116.571,85.82,-0.14,0.1,0.0,75.01999,75.09,74.87,74.62999,-0.29998779999999997,74.93,0.01937985,-0.01938009,0.0,6.0,3.0,1895.0,84.0,0.0,-0.2400208,0.0,14.0,7.5,11.5
137.0,66149.1,52.559533200000004,-1.4861618,74.916,116.037,85.79,-0.16,0.1,0.0,75.12999,75.09,75.03,74.67999,-0.29998779999999997,75.07,0.009180069,-0.02958012,0.0,6.0,3.0,1873.0,84.0,0.0,-0.2400208,0.0,14.0,7.5,6.5
137.0,66149.2,52.5595248,-1.4861344,74.75399999999999,116.432,85.78,-0.14,0.1,0.0,75.14,75.06999,75.0,74.73,-0.29998779999999997,75.17,0.0,-0.009180069,0.0,6.0,3.0,1877.0,84.0,0.0,-0.23001100000000002,0.0,14.0,7.5,1.5
136.0,66149.3,52.559516499999994,-1.4861067999999997,74.898,116.336,85.78,-0.13,0.1,0.0,75.09,75.03,75.08,74.84999,-0.29998779999999997,75.09,0.0,-0.009180069,0.0,6.0,3.0,1875.0,84.0,0.0,0.0,0.0,14.0,7.5,0.0
136.0,66149.4,52.5595083,-1.4860792999999999,74.808,116.197,85.77,-0.12,0.1,0.0,75.12,74.98,75.00999,74.87,-0.29998779999999997,75.04,-0.009180069,-0.01938009,0.0,6.0,3.0,1866.0,84.0,0.0,0.0,0.0,14.0,7.5,0.0
136.0,66149.5,52.5595001,-1.4860517999999998,74.866,116.256,85.77,-0.12,0.1,0.0,75.00999,74.95,74.92999,74.72,-0.29998779999999997,74.96,-0.01938009,-0.009180069,0.0,6.0,3.0,1894.0,84.0,0.0,-0.23001100000000002,0.0,14.0,7.5,0.0
136.0,66149.6,52.559491699999995,-1.4860244,74.617,116.32799999999999,85.74,-0.13,0.1,0.0,74.95,74.84999,74.94,74.56999,-0.1999817,74.89,-0.01938009,-0.01938009,0.0,6.0,3.0,1923.0,84.0,0.0,0.0,0.0,14.1,7.5,0.0
136.0,66149.7,52.559483500000006,-1.4859969,74.657,116.242,85.73,-0.12,0.1,0.0,74.86,74.8,74.83,74.53999,-0.29998779999999997,74.79,-0.01938009,-0.01938009,0.0,6.0,3.0,1931.0,84.0,0.0,0.0,0.0,14.1,7.5,0.0
136.0,66149.8,52.5594752,-1.4859698,74.264,116.66,85.71,-0.13,0.1,0.0,74.84,74.8,74.76999,74.44,-0.29998779999999997,74.68999000000001,-0.01938009,-0.01938009,0.0,6.0,3.0,1916.0,84.0,0.0,0.0,0.0,14.1,7.5,0.0
136.0,66149.9,52.559466799999996,-1.4859426999999998,74.10600000000001,116.88,85.69,-0.13,0.1,0.0,74.70999,74.7,74.59999,74.31,0.0,74.74,-0.02958012,0.0,0.0,6.0,3.0,1852.0,84.0,0.0,0.0,0.0,14.1,7.5,0.0
136.0,66150.0,52.559458500000005,-1.4859155000000002,74.081,116.59,85.69,-0.12,0.1,0.0,74.73,74.64999,74.62,74.33,0.0,74.61,-0.03978014,0.0,0.0,6.0,3.0,1811.0,84.0,0.0,2.380005,1.0,14.0,7.5,0.0
136.0,66150.1,52.5594503,-1.4858881,74.47,116.20700000000001,85.69,-0.12,0.1,0.0,74.5,74.42,74.22,74.09999,0.0,74.54,-0.05915999,0.0,0.0,6.0,3.0,1834.0,84.0,0.0,3.570007,1.0,14.0,7.5,0.0
136.0,66150.2,52.5594421,-1.4858611000000002,73.645,116.48200000000001,85.68,-0.11,0.1,0.0,74.09,74.08,74.12999,74.06,0.1000061,74.16,-0.05915999,0.0,0.0,6.0,3.0,1846.0,84.0,0.0,3.799988,1.0,14.0,7.5,0.0
136.0,66150.3,52.5594339,-1.4858337,74.39,116.26700000000001,85.67,-0.1,0.1,0.0,73.66,73.66,73.95999,73.84999,0.3000183,73.77,-0.05915999,0.0,0.0,6.0,3.0,1832.0,84.0,0.0,6.179993,1.0,14.0,7.5,0.0
136.0,66150.4,52.559425700000006,-1.4858065999999999,74.074,116.30799999999999,85.66,-0.1,0.1,0.0,73.51999,73.58,73.62,73.34,0.5,73.57,-0.07956004,0.0,0.0,6.0,3.0,1828.0,84.0,0.0,8.320007,1.0,14.0,7.5,0.0
136.0,66150.5,52.559417700000004,-1.4857797,73.318,116.206,85.65,-0.1,0.1,0.0,73.39999,73.28999,73.16,72.87,0.3000183,73.35,-0.09996009,0.0,0.0,6.0,3.0,1823.0,84.0,0.0,9.5,1.0,14.0,7.5,0.0
136.0,66150.6,52.5594096,-1.4857528,73.07300000000001,116.137,85.61,-0.13,0.1,0.0,73.0,72.87,72.81,72.56999,0.1000061,73.0,-0.10913989999999998,0.0,0.0,6.0,3.0,1810.0,84.0,0.0,10.69,1.0,14.0,7.5,0.0
136.0,66150.7,52.559401699999995,-1.4857259999999999,72.821,116.023,85.62,-0.1,0.1,0.0,72.45999,72.34999,72.53,72.28999,0.1000061,72.54,-0.11933989999999998,0.009180069,0.0,6.0,3.0,1787.0,84.0,0.0,10.44998,1.0,14.0,7.5,0.0
136.0,66150.8,52.5593938,-1.4856994000000001,72.266,116.045,85.61,-0.1,0.1,0.0,72.08,72.08,72.17,71.84,0.5,72.03,-0.11933989999999998,0.009180069,0.0,6.0,3.0,1759.0,84.0,0.0,10.22,1.0,14.0,7.5,0.0
136.0,66150.9,52.559386,-1.4856730999999999,71.741,116.265,85.63,-0.08,0.1,0.0,71.66,71.51999,71.73,71.42,0.3999939,71.89,-0.12954000000000002,-0.009180069,0.0,6.0,3.0,1733.0,84.0,0.0,10.44998,1.0,14.0,7.5,0.0
136.0,66151.0,52.559378099999996,-1.4856467,71.766,116.087,85.61,-0.09,0.1,0.0,71.3,71.34,70.98999,71.12,0.1000061,71.48,-0.12954000000000002,0.0,0.0,6.0,3.0,1710.0,84.0,0.0,10.69,1.0,14.0,7.5,0.0
136.0,66151.1,52.559370599999994,-1.4856207,70.6,115.786,85.61,-0.08,0.1,0.0,70.8,70.83,70.7,70.62999,0.2000122,71.02,-0.12954000000000002,0.0,0.0,6.0,3.0,1688.0,84.0,0.0,10.69,1.0,14.1,7.5,0.0
137.0,66151.2,52.5593627,-1.4855949,70.42,116.324,85.59,-0.09,0.1,0.0,70.37999,70.37999,70.37,70.33,0.0,70.47,-0.11933989999999998,0.009180069,0.0,6.0,3.0,1668.0,84.0,0.0,10.44998,1.0,14.0,7.5,0.0
137.0,66151.3,52.5593553,-1.4855689,70.142,115.915,85.65,-0.03,0.1,0.0,69.89999,69.92999,70.01999,69.87,0.0,70.02,-0.11933989999999998,0.0,0.0,6.0,3.0,1651.0,84.0,0.0,6.419983,1.0,14.0,7.5,0.0
137.0,66151.4,52.559347499999994,-1.4855432,69.923,116.15100000000001,85.62,-0.05,0.1,0.0,69.64,69.70999,69.69,69.53,0.0,69.73,-0.10913989999999998,-0.009180069,0.0,6.0,3.0,1647.0,84.0,0.0,5.699982,1.0,14.0,7.5,0.0
137.0,66151.5,52.559339900000005,-1.4855173999999998,70.10300000000001,115.898,85.62,-0.05,0.1,0.0,69.37,69.39,69.23,69.06,0.1000061,69.48,-0.10913989999999998,-0.009180069,0.0,6.0,3.0,1642.0,84.0,0.0,6.179993,1.0,14.1,7.5,0.0
137.0,66151.6,52.559332700000006,-1.4854919,68.699,115.38,85.65,-0.02,0.1,0.0,69.03,69.05,68.98999,68.84999,0.0,69.12,-0.09996009,0.0,0.0,6.0,3.0,1635.0,84.0,0.0,6.179993,1.0,14.0,7.5,0.0
137.0,66151.7,52.5593258,-1.485466,69.055,114.20200000000001,85.64,-0.02,0.1,0.0,68.78,68.73,68.70999,68.50999,-0.1000061,68.82,-0.09996009,0.0,0.0,6.0,3.0,1636.0,84.0,0.0,6.179993,1.0,14.0,7.5,0.0
137.0,66151.8,52.5593182,-1.4854411,67.95,115.68,85.61,-0.04,0.1,0.0,68.41,68.37,68.3,68.20999,0.0,68.39,-0.09996009,0.009180069,0.0,6.0,3.0,1644.0,84.0,0.0,6.419983,1.0,14.0,7.5,0.0
137.0,66151.9,52.559311199999996,-1.4854154,68.72,114.93700000000001,85.65,-0.01,0.1,0.0,68.11,68.03999,68.06999,67.84,0.0,68.07,-0.10913989999999998,0.0,0.0,6.0,3.0,1636.0,84.0,0.0,8.789978,1.0,14.0,7.5,0.0
137.0,66152.0,52.5593036,-1.4853905,67.741,115.54299999999999,85.61,-0.04,0.1,0.0,67.72,67.59999,67.64999,67.37,-0.29998779999999997,67.78,-0.11933989999999998,0.0,0.0,6.0,3.0,1634.0,84.0,0.0,9.739989999999999,1.0,14.0,7.5,0.0
137.0,66152.1,52.5592966,-1.4853653999999998,67.558,115.038,85.61,-0.04,0.1,0.0,67.34999,67.28999,67.28,67.06,-0.1000061,67.43999000000001,-0.11933989999999998,0.0,0.0,6.0,3.0,1637.0,84.0,0.0,10.44998,1.0,14.1,7.5,0.0
